id,bloco_min,h_s,theta,equacao,N_blocos,n_sessoes,coef,estimativa,ic95_webb_inf,ic95_webb_sup,ic95_hac_inf,ic95_hac_sup,partial_R2,partial_R2_reacao,dif_reacao_menos_frente,dif_ic95_inf,dif_ic95_sup,beta_E3_mesma_celula,beta_E3_ic95_webb
E4,5,30,θ (bid+ask),para frente,1243,12,β θ_t,-0.04901530195005821,-0.1034305976719758,0.004369100156136299,-0.1065344796820657,0.008503875781948826,0.0022731997296049264,0.003497998386709138,0.0012247986571042114,-0.0047082507839739055,0.011439153969437357,-0.0541030007687137,"[-0.107, -0.002]"
E4,5,30,θ (bid+ask),reação,1230,12,λ0 |r_t|,-0.03497738944731785,-0.09796766840014157,0.027883090657638776,-0.11007644019222865,0.04012166129759345,0.003497998386709138,,,,,,
E4,5,30,θ (bid+ask),reação,1230,12,λ1 |r_{t−1}|,-0.026873755732092965,-0.06401344489451094,0.009959602700358294,-0.06626820614156803,0.012520694677381438,0.003497998386709138,,,,,,
E4,5,30,θ (bid+ask),reação,1230,12,λ2 AS_{t−1},0.0017597005648810602,-0.040622848855820744,0.04412539577730073,-0.04039603727946915,0.043915438409230734,0.003497998386709138,,,,,,
E4,5,30,θ (bid+ask),reação,1230,12,λ3 qvol_{t−1},0.03635828798370674,0.001600847057279725,0.07087843835329581,-0.006748261722698698,0.07946483769011208,0.003497998386709138,,,,,,
E4,5,30,θ^B (bid),"reação (secundário, r com sinal)",1230,12,λ0 r_t,-0.10988666538963154,-0.14272495028552618,-0.07658686751487861,-0.14547912998743867,-0.07429420079182404,0.01985257138844858,,,,,,
E4,5,30,θ^B (bid),"reação (secundário, r com sinal)",1230,12,λ1 r_{t−1},0.017281607178919606,-0.014994814804607376,0.04913428700348871,-0.016073604226414056,0.050636818584252924,0.01985257138844858,,,,,,
E4,5,30,θ^B (bid),"reação (secundário, r com sinal)",1230,12,λ2 AS_{t−1},-0.002631007048248273,-0.04751406621174974,0.042614925135984236,-0.049299466034963026,0.04403745193846686,0.01985257138844858,,,,,,
E4,5,30,θ^B (bid),"reação (secundário, r com sinal)",1230,12,λ3 qvol_{t−1},0.030864146215012826,-0.01573358196339326,0.07665794049696695,-0.016861709508831303,0.07859000193885769,0.01985257138844858,,,,,,
E4,5,30,θ^A (ask),"reação (secundário, r com sinal)",1230,12,λ0 r_t,0.027459209011067548,-0.010854823639304297,0.0666034081046031,-0.027701227583568782,0.08261964560570359,0.0059521533275553535,,,,,,
E4,5,30,θ^A (ask),"reação (secundário, r com sinal)",1230,12,λ1 r_{t−1},-0.04958496983282133,-0.07587738896675071,-0.023799803484704393,-0.08530207549911145,-0.013867864166531865,0.0059521533275553535,,,,,,
E4,5,30,θ^A (ask),"reação (secundário, r com sinal)",1230,12,λ2 AS_{t−1},-0.005784598687528332,-0.047300533230247264,0.035523374116059714,-0.04802916655678051,0.03645996918172405,0.0059521533275553535,,,,,,
E4,5,30,θ^A (ask),"reação (secundário, r com sinal)",1230,12,λ3 qvol_{t−1},0.03314913306426418,-0.0016497487941394343,0.06747588568394924,-0.011941964347268227,0.07824023047579595,0.0059521533275553535,,,,,,
E4,5,60,θ (bid+ask),para frente,1243,12,β θ_t,-0.06307418982845323,-0.13290888394413386,0.004519992852273252,-0.12274552483917517,-0.0034028548177312753,0.0037351624482162035,0.003497643900761881,-0.0002375185474543227,-0.010818970882835536,0.01201273480484327,-0.0678080177633493,"[-0.133, -0.002]"
E4,5,60,θ (bid+ask),reação,1230,12,λ0 |r_t|,-0.03527678730817857,-0.09703662614997764,0.028354318029685285,-0.11025080903715648,0.03969723442079926,0.003497643900761881,,,,,,
E4,5,60,θ (bid+ask),reação,1230,12,λ1 |r_{t−1}|,-0.02529868760194052,-0.07706587724462366,0.02548249710050285,-0.06925502189424061,0.018657646690358493,0.003497643900761881,,,,,,
E4,5,60,θ (bid+ask),reação,1230,12,λ2 AS_{t−1},-0.0017073865162368516,-0.05763794908861447,0.0527963196829835,-0.04324911503231012,0.03983434199983624,0.003497643900761881,,,,,,
E4,5,60,θ (bid+ask),reação,1230,12,λ3 qvol_{t−1},0.03729399053940656,0.0074673114305642135,0.06747136483682628,-0.0031955964832839634,0.07778357756209733,0.003497643900761881,,,,,,
E4,5,60,θ^B (bid),"reação (secundário, r com sinal)",1230,12,λ0 r_t,-0.10979171700812301,-0.14246634265570743,-0.07784930484078176,-0.14526126349215251,-0.07432217052409382,0.01990087891591303,,,,,,
E4,5,60,θ^B (bid),"reação (secundário, r com sinal)",1230,12,λ1 r_{t−1},0.017065647354688046,-0.016185946712735218,0.050121360445354986,-0.016458193002727967,0.050589487712104864,0.01990087891591303,,,,,,
E4,5,60,θ^B (bid),"reação (secundário, r com sinal)",1230,12,λ2 AS_{t−1},-0.006549665966663436,-0.05719204077062751,0.043915366437174676,-0.04757936426963059,0.03448003233630346,0.01990087891591303,,,,,,
E4,5,60,θ^B (bid),"reação (secundário, r com sinal)",1230,12,λ3 qvol_{t−1},0.031684065303987485,-0.010878110954334524,0.07410366383358147,-0.013476262649407891,0.07684439325738346,0.01990087891591303,,,,,,
E4,5,60,θ^A (ask),"reação (secundário, r com sinal)",1230,12,λ0 r_t,0.027874500169808664,-0.010405735129004189,0.06559544222496169,-0.026846208613528016,0.0825952089531453,0.00639596795988418,,,,,,
E4,5,60,θ^A (ask),"reação (secundário, r com sinal)",1230,12,λ1 r_{t−1},-0.05000120479868253,-0.07635717544874725,-0.023515096207181188,-0.08553913378392028,-0.014463275813445586,0.00639596795988418,,,,,,
E4,5,60,θ^A (ask),"reação (secundário, r com sinal)",1230,12,λ2 AS_{t−1},-0.018604686325535094,-0.0542753475651553,0.017029775639573176,-0.056248886908527,0.019039514257456435,0.00639596795988418,,,,,,
E4,5,60,θ^A (ask),"reação (secundário, r com sinal)",1230,12,λ3 qvol_{t−1},0.03619705279123038,0.002737772205313495,0.06978438128091938,-0.0065754077856098395,0.07896951336806923,0.00639596795988418,,,,,,
E4,10,30,θ (bid+ask),para frente,608,12,β θ_t,-0.09435801025079495,-0.15642567218892095,-0.03249973527649062,-0.16394637491446945,-0.02476964558712036,0.00838715018465068,0.007271269842078283,-0.0011158803425723963,-0.017311000689406327,0.0405464362654098,-0.0856604991870814,"[-0.143, -0.028]"
E4,10,30,θ (bid+ask),reação,595,12,λ0 |r_t|,-0.06017941212774813,-0.1509265313968749,0.029720018713274787,-0.17095567733623196,0.05059685308073594,0.007271269842078283,,,,,,
E4,10,30,θ (bid+ask),reação,595,12,λ1 |r_{t−1}|,-0.031565340403135425,-0.07599541136763455,0.012152191899686055,-0.08412074631020824,0.020990065503938123,0.007271269842078283,,,,,,
E4,10,30,θ (bid+ask),reação,595,12,λ2 AS_{t−1},-0.02847417905240071,-0.08815367024030907,0.0310317381594164,-0.09272063014356231,0.03577227203875978,0.007271269842078283,,,,,,
E4,10,30,θ (bid+ask),reação,595,12,λ3 qvol_{t−1},0.02559559353740933,-0.04792584585927813,0.09857325151638495,-0.05026248449905081,0.10145367157386893,0.007271269842078283,,,,,,
E4,10,30,θ^B (bid),"reação (secundário, r com sinal)",595,12,λ0 r_t,-0.1084165600934669,-0.17273552060319247,-0.04347991371171457,-0.17976496551421678,-0.037068154672716666,0.021428878516711956,,,,,,
E4,10,30,θ^B (bid),"reação (secundário, r com sinal)",595,12,λ1 r_{t−1},-0.015279186749849905,-0.06466390167181542,0.03581309545621702,-0.07354600404759548,0.04298763054789635,0.021428878516711956,,,,,,
E4,10,30,θ^B (bid),"reação (secundário, r com sinal)",595,12,λ2 AS_{t−1},-0.029816500300281726,-0.09268474732287622,0.03353466359243118,-0.10890246449672766,0.04926946389616522,0.021428878516711956,,,,,,
E4,10,30,θ^B (bid),"reação (secundário, r com sinal)",595,12,λ3 qvol_{t−1},0.03730933891797288,-0.04063521906160809,0.11600219998451317,-0.04523170675862034,0.11985038459456557,0.021428878516711956,,,,,,
E4,10,30,θ^A (ask),"reação (secundário, r com sinal)",595,12,λ0 r_t,0.008106245618778929,-0.04580576068143493,0.06296666939461848,-0.06293477911975998,0.07914727035731717,0.005778561600282743,,,,,,
E4,10,30,θ^A (ask),"reação (secundário, r com sinal)",595,12,λ1 r_{t−1},-0.0432848943226251,-0.09299506743358642,0.006640139606867317,-0.08781784931573719,0.0012480606704876052,0.005778561600282743,,,,,,
E4,10,30,θ^A (ask),"reação (secundário, r com sinal)",595,12,λ2 AS_{t−1},-0.031381693785407276,-0.09947353444518764,0.037721734461874205,-0.09784243756783176,0.03507904999701635,0.005778561600282743,,,,,,
E4,10,30,θ^A (ask),"reação (secundário, r com sinal)",595,12,λ3 qvol_{t−1},0.013091682760009913,-0.06824409349661832,0.09504459062940013,-0.061048017195398846,0.08723138271541969,0.005778561600282743,,,,,,
E4,10,60,θ (bid+ask),para frente,608,12,β θ_t,-0.07737356696542946,-0.17062189227798313,0.017152642398211015,-0.1551520287829684,0.00040489485210960796,0.005672898533225038,0.007413249507732112,0.0017403509745070739,-0.02354981624737735,0.04128040562141115,-0.0915928447448512,"[-0.167, -0.016]"
E4,10,60,θ (bid+ask),reação,595,12,λ0 |r_t|,-0.06067251351514413,-0.1490887453856865,0.029104893484134003,-0.17137760928687001,0.05003258225658043,0.007413249507732112,,,,,,
E4,10,60,θ (bid+ask),reação,595,12,λ1 |r_{t−1}|,-0.02899493438485171,-0.07497433853441639,0.01596034634651736,-0.08361129164819557,0.025621422878491798,0.007413249507732112,,,,,,
E4,10,60,θ (bid+ask),reação,595,12,λ2 AS_{t−1},-0.029041565811654978,-0.06308872156315654,0.0044671591544337835,-0.08000875858803874,0.021925626964729363,0.007413249507732112,,,,,,
E4,10,60,θ (bid+ask),reação,595,12,λ3 qvol_{t−1},0.022673599940584866,-0.05526630281123873,0.10071163457790897,-0.05202346358038413,0.09737066346155343,0.007413249507732112,,,,,,
E4,10,60,θ^B (bid),"reação (secundário, r com sinal)",595,12,λ0 r_t,-0.10876676668543628,-0.17376418523787107,-0.045928387089916534,-0.17990376242686162,-0.037629770944010696,0.020538258309253044,,,,,,
E4,10,60,θ^B (bid),"reação (secundário, r com sinal)",595,12,λ1 r_{t−1},-0.016664754081009717,-0.06911166287855215,0.03362362960404063,-0.07532716357920143,0.04199765541718291,0.020538258309253044,,,,,,
E4,10,60,θ^B (bid),"reação (secundário, r com sinal)",595,12,λ2 AS_{t−1},-0.01329631181094039,-0.06163591182823926,0.03350775157372143,-0.06976691140533939,0.043174287783458054,0.020538258309253044,,,,,,
E4,10,60,θ^B (bid),"reação (secundário, r com sinal)",595,12,λ3 qvol_{t−1},0.02756701829886648,-0.06243297704509899,0.1196735752676355,-0.05524495297544964,0.11037898957318477,0.020538258309253044,,,,,,
E4,10,60,θ^A (ask),"reação (secundário, r com sinal)",595,12,λ0 r_t,0.009189383995742095,-0.04505533763526874,0.06288057835899882,-0.06233903532504233,0.08071780331652707,0.008769417242768201,,,,,,
E4,10,60,θ^A (ask),"reação (secundário, r com sinal)",595,12,λ1 r_{t−1},-0.04238033049370713,-0.09116801760360001,0.007034107018874906,-0.08681954559682292,0.002058884609408597,0.008769417242768201,,,,,,
E4,10,60,θ^A (ask),"reação (secundário, r com sinal)",595,12,λ2 AS_{t−1},-0.052192402138365485,-0.08996983209299064,-0.013809948480079201,-0.10471395909235115,0.00032915481562028476,0.008769417242768201,,,,,,
E4,10,60,θ^A (ask),"reação (secundário, r com sinal)",595,12,λ3 qvol_{t−1},0.019556361219509613,-0.05837219249094426,0.09817752999479952,-0.05124729528008566,0.09036001771910392,0.008769417242768201,,,,,,
E4,15,30,θ (bid+ask),para frente,381,12,β θ_t,-0.08533346096163263,-0.16107247612346776,-0.008345945316889591,-0.1830480300593651,0.012381108136100091,0.0069365955040572354,0.006861516262717922,-7.507924133931358e-05,-0.013708932910023496,0.04657987284592102,-0.0892229709635954,"[-0.167, -0.010]"
E4,15,30,θ (bid+ask),reação,369,12,λ0 |r_t|,0.04557951972897367,-0.020416892566416142,0.11085085800619955,-0.013199099832028154,0.10435813928997659,0.006861516262717922,,,,,,
E4,15,30,θ (bid+ask),reação,369,12,λ1 |r_{t−1}|,0.018852880993319575,-0.05231933624221139,0.0896874306945818,-0.07138191512212805,0.10908767710876907,0.006861516262717922,,,,,,
E4,15,30,θ (bid+ask),reação,369,12,λ2 AS_{t−1},0.03297495996990176,-0.03195342823595534,0.09784209028689353,-0.04722197473480577,0.11317189467460947,0.006861516262717922,,,,,,
E4,15,30,θ (bid+ask),reação,369,12,λ3 qvol_{t−1},-0.04651060690850435,-0.18386373166383613,0.08707729517021424,-0.176489900803492,0.08346868698648405,0.006861516262717922,,,,,,
E4,15,30,θ^B (bid),"reação (secundário, r com sinal)",369,12,λ0 r_t,-0.0632405274611505,-0.12746210563746682,-0.0008356786467524496,-0.13113083681412613,0.004649781891826563,0.010374271365385136,,,,,,
E4,15,30,θ^B (bid),"reação (secundário, r com sinal)",369,12,λ1 r_{t−1},0.015244103502126613,-0.05032827454969137,0.08208954843199409,-0.048863989718433656,0.07935219672268652,0.010374271365385136,,,,,,
E4,15,30,θ^B (bid),"reação (secundário, r com sinal)",369,12,λ2 AS_{t−1},0.04523154606038465,-0.023361641001404976,0.11544058204252393,-0.043018884925332526,0.13348197704610198,0.010374271365385136,,,,,,
E4,15,30,θ^B (bid),"reação (secundário, r com sinal)",369,12,λ3 qvol_{t−1},-0.026232746319774913,-0.1609001186500052,0.10508186678207034,-0.16933274573086904,0.11686725309131901,0.010374271365385136,,,,,,
E4,15,30,θ^A (ask),"reação (secundário, r com sinal)",369,12,λ0 r_t,0.032177483867045,-0.018801916039786842,0.08371749900657707,-0.025863542778231184,0.0902185105123206,0.008312075160408782,,,,,,
E4,15,30,θ^A (ask),"reação (secundário, r com sinal)",369,12,λ1 r_{t−1},0.05348432039678962,0.002332724040334279,0.10560506091656502,-0.006655208164392988,0.11362384895797217,0.008312075160408782,,,,,,
E4,15,30,θ^A (ask),"reação (secundário, r com sinal)",369,12,λ2 AS_{t−1},0.0020878806358166986,-0.07396368971399475,0.07884953542147091,-0.06749569708571358,0.0716714583573468,0.008312075160408782,,,,,,
E4,15,30,θ^A (ask),"reação (secundário, r com sinal)",369,12,λ3 qvol_{t−1},-0.047601475581882796,-0.19417848886309375,0.0951872193789132,-0.17512532544232481,0.07992237427855989,0.008312075160408782,,,,,,
E4,15,60,θ (bid+ask),para frente,381,12,β θ_t,-0.07233151623071687,-0.17527781850370472,0.02981450049756018,-0.1712925605460895,0.026629528084655393,0.004981847230797154,0.007752431430785594,0.0027705841999884403,-0.015226719043191016,0.04069027575465526,-0.0690216454355211,"[-0.181, 0.042]"
E4,15,60,θ (bid+ask),reação,369,12,λ0 |r_t|,0.04266945977846093,-0.021496904646988252,0.1072049407693812,-0.01671498346321431,0.10205390302013714,0.007752431430785594,,,,,,
E4,15,60,θ (bid+ask),reação,369,12,λ1 |r_{t−1}|,0.04601224030332158,-0.02741042181673662,0.11817148752557893,-0.0455815382894856,0.1376060188961275,0.007752431430785594,,,,,,
E4,15,60,θ (bid+ask),reação,369,12,λ2 AS_{t−1},-0.03895416858392837,-0.08367029581063605,0.005854154590887249,-0.10711668244390499,0.029208345276048535,0.007752431430785594,,,,,,
E4,15,60,θ (bid+ask),reação,369,12,λ3 qvol_{t−1},-0.017381102531480893,-0.13837235879727908,0.10429729557175722,-0.13160990156657207,0.09684769650360875,0.007752431430785594,,,,,,
E4,15,60,θ^B (bid),"reação (secundário, r com sinal)",369,12,λ0 r_t,-0.05833722557579146,-0.11642709068504092,0.0010572169540199183,-0.12593868390812457,0.009264232756541584,0.009803793798693177,,,,,,
E4,15,60,θ^B (bid),"reação (secundário, r com sinal)",369,12,λ1 r_{t−1},0.02317042314049619,-0.03745189593761922,0.08331936500732136,-0.03926368867132437,0.08560453495231607,0.009803793798693177,,,,,,
E4,15,60,θ^B (bid),"reação (secundário, r com sinal)",369,12,λ2 AS_{t−1},-0.03733309730118085,-0.09297596024856561,0.018583570429244023,-0.10239279812505903,0.0277266035226974,0.009803793798693177,,,,,,
E4,15,60,θ^B (bid),"reação (secundário, r com sinal)",369,12,λ3 qvol_{t−1},0.014756796403486058,-0.10141387824082886,0.13266631528811978,-0.11559158219240799,0.14510517499937964,0.009803793798693177,,,,,,
E4,15,60,θ^A (ask),"reação (secundário, r com sinal)",369,12,λ0 r_t,0.03526153557429046,-0.01544938001037277,0.08707658605493163,-0.023344272320417317,0.09386734346899743,0.00982979753666371,,,,,,
E4,15,60,θ^A (ask),"reação (secundário, r com sinal)",369,12,λ1 r_{t−1},0.057641805868031984,0.007487437787297456,0.10931028855543576,-0.002335604808651165,0.11761921654471474,0.00982979753666371,,,,,,
E4,15,60,θ^A (ask),"reação (secundário, r com sinal)",369,12,λ2 AS_{t−1},-0.029859606652251302,-0.08740309952703441,0.027375742106120784,-0.09706300531521315,0.037343792010710516,0.00982979753666371,,,,,,
E4,15,60,θ^A (ask),"reação (secundário, r com sinal)",369,12,λ3 qvol_{t−1},-0.0352826128140358,-0.17375806037855004,0.10539946505617856,-0.15322652338147413,0.08266129775340424,0.00982979753666371,,,,,,
