amostra,h_s,versao,N_blocos,n_sessoes,r_metades,spearman_brown,ic95_inf,ic95_sup,classificacao_preregistrada,frac_var_AS_por_hora
principal,5,bruto,1269,12,0.7826677523140699,0.8780859487676195,0.8415799559558547,0.9090490884724302,varia,0.021372752274334772
principal,5,sem_media_por_hora,1269,12,0.7794846492356533,0.8760790935403319,0.8425158578120078,0.9053017407970002,varia,
principal,30,bruto,1269,12,0.8685165937345305,0.92963219769824,0.9135233149647476,0.9457535463808477,varia,0.018260258563268517
principal,30,sem_media_por_hora,1269,12,0.867240586075964,0.9289007453490329,0.9130237766145323,0.9448748249950292,varia,
principal,60,bruto,1269,12,0.8667172973125999,0.9286004887407006,0.9113653360925927,0.945338990187932,varia,0.010696748164973569
principal,60,sem_media_por_hora,1269,12,0.8668132010726203,0.9286555297279587,0.9119188613558996,0.9450325579929318,varia,
robustez_rlp_regra_cotacao,5,bruto,1269,12,0.8296374981200002,0.9068872921247778,0.8850073073083873,0.9277336027174071,varia,0.03240006027039988
robustez_rlp_regra_cotacao,5,sem_media_por_hora,1269,12,0.8252572741233727,0.9042640572625292,0.8823289248946876,0.9256986718542589,varia,
robustez_rlp_regra_cotacao,30,bruto,1269,12,0.8831374962464662,0.9379426600625456,0.9206022209218652,0.953287246161276,varia,0.0208785343072575
robustez_rlp_regra_cotacao,30,sem_media_por_hora,1269,12,0.8813731113966293,0.9369466439778612,0.9197406400308918,0.9523088140516238,varia,
robustez_rlp_regra_cotacao,60,bruto,1269,12,0.8859111871539949,0.9395046735906079,0.9261403215303797,0.9531216495867049,varia,0.012186691987783993
robustez_rlp_regra_cotacao,60,sem_media_por_hora,1269,12,0.8851080964861586,0.9390528831062792,0.9255523928984642,0.9524983592637415,varia,
