amostra,h_s,medida,N_negocios,media_pond_qtd,media,dp,frac_zero,p1,p5,p25,p50,p75,p95,p99
principal,5,PI,10514363,0.530759752348822,0.30140085519208343,4.470858533806197,0.17097041447018713,-11.0,-6.0,-1.0,0.0,2.0,6.0,12.0
principal,5,RS,10514363,0.13190150386789848,0.22099943267781894,4.470496737937481,0.0020590881254527733,-11.5,-5.5,-1.5,0.5,1.5,6.5,11.5
principal,30,PI,10510947,0.46176945607143294,0.25273755066979214,8.970564016588678,0.07306163754797736,-23.5,-13.0,-4.0,0.0,4.0,14.0,24.0
principal,30,RS,10510947,0.20065224603000464,0.2695936093686142,8.97064928424601,0.0007692931949899471,-23.5,-13.5,-3.5,0.5,4.5,13.5,24.5
principal,60,PI,10505803,0.4620320319345469,0.2697999857792879,12.037508966665712,0.05130459803976907,-31.0,-18.0,-5.0,0.0,6.0,19.0,32.0
principal,60,RS,10505803,0.19972878440897016,0.25225380604656095,12.037334393133124,0.0005205694414791521,-31.5,-18.5,-5.5,0.5,5.5,18.5,31.5
robustez_rlp_regra_cotacao,5,PI,20394945,0.42785188721804857,0.1422185987753338,4.04900786599847,0.18120249895255908,-10.0,-5.5,-1.5,0.0,2.0,6.0,11.0
robustez_rlp_regra_cotacao,5,RS,20394945,0.20505778637698646,0.3693933061517965,4.048348748678387,0.0017074819275070367,-10.5,-5.5,-1.5,0.5,2.5,6.150000000000091,10.5
robustez_rlp_regra_cotacao,30,PI,20391105,0.36913413241916926,0.10835376503627439,8.551873561576764,0.07434339629951393,-23.0,-13.0,-4.0,0.0,4.0,13.0,23.0
robustez_rlp_regra_cotacao,30,RS,20391105,0.26357564073860534,0.40322059760751605,8.55179974916104,0.0006459188945375937,-22.5,-12.5,-3.5,0.5,4.5,13.5,23.5
robustez_rlp_regra_cotacao,60,PI,20385483,0.371739126986517,0.12314814910198596,11.606580068066206,0.051975221779145486,-30.0,-18.0,-5.0,0.0,6.0,19.0,31.0
robustez_rlp_regra_cotacao,60,RS,20385483,0.26042382122320334,0.3882793552986102,11.606413102800914,0.00043457395637866414,-30.5,-18.5,-5.5,0.5,5.5,18.5,30.5
