seq,t_ms,ultima_linha,b,a,volume,volume_nrl,q_exec,n_exec_msgs,teve_negocio,agressor,n_pacotes,saldo_final
22523229,32431174,6011,5901,10,2147,2147,0,0,true,0,2,2147
22523231,32431175,6191,5901,10,2968,2968,0,0,true,0,9,2968
22523240,32431176,6371,5901,10,851,851,0,0,true,0,9,851
22523249,32431177,6551,5901,10,581,581,0,0,true,0,9,581
22523258,32431178,6751,5901,10,607,607,0,0,true,0,10,607
22523268,32431179,6960,3050,10,104,104,0,0,true,0,10,104
22524408,32431201,8806,2974,2975,1,1,20,1,true,-1,1,-19
22526255,32431302,10899,2965,2967,1,1,16,1,true,1,1,-15
22526318,32431304,10974,2962,2964,6,6,27,1,true,-1,1,-21
22527580,32431487,12432,2963,2964,64,64,41,6,true,-1,1,23
22531455,32432992,17513,2971,2973,1,1,8,1,true,1,1,-7
22533141,32433436,19633,2974,2975,49,49,34,5,true,-1,1,15
22533186,32433468,19707,2972,2973,58,58,8,2,true,1,1,50
22535159,32434436,22377,2966,2967,47,47,0,0,true,0,1,47
22535279,32434457,22578,2964,2966,100,100,4,3,true,-1,2,96
22535792,32434634,23242,2964,2966,15,15,11,8,true,1,1,4
22541721,32437501,31451,2977,2979,77,77,0,0,true,0,2,77
22541723,32437502,31509,2977,2980,25,25,26,13,true,1,3,-1
22542578,32437631,32674,2977,2979,40,40,0,0,true,0,1,40
22542740,32437638,32908,2979,2981,15,15,12,9,true,-1,1,3
22546099,32438963,37881,2983,2985,249,249,0,0,true,0,5,249
22546104,32438964,38087,2976,2985,251,251,66,25,true,-1,10,185
22546546,32439004,38747,2980,2982,17,17,13,8,true,1,1,4
22549440,32440126,43235,2989,2990,66,66,0,0,true,0,1,66
22549441,32440127,43256,2989,2990,32,32,36,9,true,1,1,-4
22549620,32440136,43525,2991,2992,3,3,4,2,true,1,1,-1
22550500,32440275,44777,2991,2992,42,42,0,0,true,0,1,42
22551402,32440547,46279,2989,2993,500,500,146,58,true,-1,9,354
22552062,32440789,47200,2989,2990,35,35,0,0,true,0,1,35
22552240,32440844,47504,2989,2991,40,40,0,0,true,0,1,40
22552241,32440845,47525,2989,2993,10,10,14,1,true,1,1,-4
22552558,32440887,48040,2991,2994,50,50,24,4,true,1,1,26
22555997,32441977,53333,2987,2989,40,40,0,0,true,0,1,40
22555998,32441978,53407,2984,2989,60,60,68,26,true,-1,4,-8
22556229,32442099,53704,2987,2989,20,20,17,9,true,1,1,3
22559433,32443443,58517,2995,2997,37,37,0,0,true,0,1,37
22559434,32443444,58538,2995,2997,25,25,34,11,true,1,1,-9
22560244,32443736,59778,2995,2996,44,44,0,0,true,0,1,44
22563462,32445107,64364,2994,2995,20,20,15,8,true,1,1,5
22563465,32445110,64408,2994,2995,253,253,0,0,true,0,2,253
22563467,32445111,64588,2994,2995,467,467,0,0,true,0,9,467
22563476,32445112,64794,2988,2995,280,280,0,0,true,0,10,280
22563497,32445113,65006,2981,2995,76,76,3,3,true,-1,1,73
22563498,32445114,65046,2981,2983,45,45,78,7,true,-1,2,-33
22563795,32445120,65449,2983,2985,1,1,16,1,true,-1,1,-15
22564006,32445125,65685,2984,2986,1,1,18,1,true,-1,1,-17
22566087,32446019,68621,2982,2984,50,50,5,3,true,-1,1,45
22566419,32446206,69215,2977,2981,57,57,8,4,true,-1,2,49
22566423,32446208,69376,2976,2981,164,164,149,58,true,-1,7,15
22566441,32446209,69561,2974,2976,47,47,0,0,true,0,1,47
22566442,32446210,69582,2973,2976,6,6,11,2,true,-1,1,-5
22567572,32446283,71326,2966,2968,38,38,0,0,true,0,1,38
22567573,32446284,71347,2966,2968,8,8,15,1,true,-1,1,-7
22568796,32446475,72972,2970,2972,1,1,10,1,true,-1,1,-9
22568958,32446542,73194,2969,2971,34,34,0,0,true,0,1,34
22573617,32448836,80023,2970,2971,170,124,0,0,true,0,3,124
22574089,32448947,80829,2970,2971,73,73,0,0,true,0,2,73
22574091,32448948,80871,2968,2971,17,17,19,8,true,-1,2,-2
22574302,32449002,81189,2971,2973,50,50,51,18,true,1,2,-1
22574326,32449002,81230,2972,2973,40,40,0,0,true,0,1,40
22574327,32449003,81251,2972,2974,16,16,24,8,true,1,1,-8
22574387,32449004,81348,2974,2976,65,65,66,16,true,1,2,-1
22574596,32449047,81658,2973,2974,31,31,32,11,true,1,1,-1
22574978,32449057,82236,2975,2976,1,1,2,1,true,-1,1,-1
22575055,32449065,82357,2976,2977,40,40,2,1,true,1,1,38
22575056,32449066,82382,2976,2979,19,19,31,11,true,1,2,-12
22575209,32449069,82621,2980,2981,1,1,2,1,true,1,1,-1
22575243,32449071,82669,2978,2979,1,1,2,1,true,-1,1,-1
22575261,32449071,82704,2977,2978,1,1,2,1,true,-1,1,-1
22575409,32449098,82946,2976,2978,35,35,36,8,true,1,1,-1
22575596,32449137,83286,2981,2982,75,75,46,17,true,1,2,29
22575841,32449188,83601,2979,2981,3,3,4,2,true,1,1,-1
22577115,32449775,85533,2983,2984,1,1,2,1,true,-1,1,-1
22577117,32449775,85554,2981,2984,17,17,26,1,true,-1,1,-9
22577989,32450166,86881,2982,2983,1,1,3,1,true,1,1,-2
22578563,32450490,87649,2983,2984,40,40,5,4,true,-1,1,35
22578698,32450629,87842,2983,2984,27,27,0,0,true,0,1,27
22579884,32451551,89611,2980,2981,80,80,30,8,true,-1,2,50
22579979,32451572,89771,2980,2981,95,95,0,0,true,0,2,95
22580227,32451579,90279,2986,2988,64,64,0,0,true,0,1,64
22580228,32451580,90300,2986,2988,36,36,43,13,true,1,1,-7
22580312,32451581,90447,2987,2989,53,53,48,9,true,1,1,5
22583839,32453456,95606,2992,2995,105,105,107,39,true,1,4,-2
22584003,32453459,95777,2993,2995,1,1,2,1,true,-1,1,-1
22584133,32453472,95984,2991,2992,7,7,8,2,true,1,1,-1
22589502,32457014,103528,2984,2985,35,35,3,2,true,1,1,32
22594407,32460134,109904,2978,2979,2,2,3,2,true,1,1,-1
22595010,32460362,110617,2977,2978,153,153,0,0,true,0,3,153
22595013,32460363,110761,2975,2978,100,100,106,36,true,-1,7,-6
22595022,32460363,110821,2974,2975,49,49,9,7,true,-1,2,40
22597369,32461032,113371,2977,2978,1,1,2,1,true,-1,1,-1
22600793,32462242,117602,2980,2981,55,55,0,0,true,0,1,55
22600794,32462243,117623,2979,2981,5,5,7,2,true,-1,1,-2
22604750,32463935,122456,2971,2972,486,486,0,0,true,0,9,486
22604759,32463936,122624,2971,2978,14,14,22,6,true,1,8,-8
22605677,32464050,123631,2975,2978,90,90,43,12,true,-1,2,47
22606256,32464127,124190,2976,2977,3,3,5,2,true,1,1,-2
22610708,32466467,129269,2982,2983,18,18,9,8,true,-1,1,9
22610794,32466498,129413,2980,2983,80,80,81,33,true,-1,4,-1
22610810,32466499,129519,2978,2983,5,5,6,3,true,-1,1,-1
22610827,32466500,129583,2978,2983,20,20,22,7,true,-1,1,-2
22610861,32466500,129644,2977,2983,30,30,13,4,true,-1,1,17
22610864,32466501,129685,2976,2983,30,30,31,15,true,-1,2,-1
22611270,32466511,130060,2976,2977,1,1,6,1,true,1,1,-5
22614150,32468479,133402,2975,2976,51,51,0,0,true,0,1,51
22614151,32468480,133443,2975,2978,24,24,36,12,true,1,2,-12
22614441,32468512,133759,2976,2978,1,1,3,1,true,-1,1,-2
22614462,32468521,133796,2976,2978,1,1,2,1,true,-1,1,-1
22615058,32468973,134484,2977,2978,77,77,0,0,true,0,2,77
22619091,32472330,139204,2985,2986,39,39,0,0,true,0,1,39
22619092,32472331,139225,2984,2986,11,11,14,7,true,-1,1,-3
22619578,32472506,139751,2984,2985,28,28,11,5,true,-1,1,17
22620342,32473365,140688,2984,2986,100,50,22,14,true,-1,2,28
22621313,32473596,142058,2991,2992,111,111,0,0,true,0,2,111
22622252,32473762,143209,2991,2992,8,8,9,4,true,1,1,-1
22623143,32474309,144391,2994,2995,150,150,0,0,true,0,2,150
22623191,32474312,144647,2995,2996,283,283,29,16,true,1,7,254
22623988,32474437,145709,2996,2998,234,234,0,0,true,0,4,234
22623992,32474438,145848,2996,2998,282,282,335,87,true,1,7,-53
22624778,32474586,146708,2997,2998,143,143,0,0,true,0,1,143
22624779,32474587,146748,2997,2998,57,57,84,6,true,1,2,-27
22624930,32474601,147066,2996,2998,45,45,28,16,true,-1,2,17
22625893,32474780,148322,3000,3001,31,31,0,0,true,0,1,31
22625894,32474781,148357,3000,3001,35,35,41,12,true,1,2,-6
22626053,32474784,148576,3001,3002,81,81,0,0,true,0,2,81
22626055,32474785,148618,3001,3002,34,34,38,21,true,1,2,-4
22626199,32474788,148906,3002,3003,105,105,0,0,true,0,1,105
22626200,32474789,149070,3002,3003,293,293,307,78,true,1,8,-14
22626334,32474793,149391,3003,3005,206,206,207,60,true,1,6,-1
22626388,32474794,149473,3003,3005,45,45,10,6,true,1,2,35
22628321,32475183,151679,3005,3006,49,49,0,0,true,0,1,49
22629789,32475506,153401,3002,3003,21,21,5,5,true,-1,1,16
22630414,32475667,154045,3004,3005,1,1,2,1,true,-1,1,-1
22630846,32475804,154543,3003,3004,1,1,10,1,true,1,1,-9
22631448,32476022,155224,3004,3005,10,10,13,4,true,1,1,-3
22632103,32476256,156031,3005,3006,20,20,8,5,true,-1,1,12
22633723,32476874,157868,3004,3006,20,20,16,8,true,1,1,4
22633757,32476875,157913,3004,3005,20,20,11,7,true,-1,1,9
22635000,32477224,159304,3003,3004,48,48,0,0,true,0,1,48
22635053,32477226,159407,3002,3003,10,10,14,3,true,1,1,-4
22637485,32478138,162212,3000,3002,50,50,45,18,true,-1,2,5
22638801,32478694,163662,2997,2998,11,11,15,2,true,1,1,-4
22638894,32478728,163767,2998,2999,54,54,8,3,true,-1,1,46
22639192,32478757,164152,2999,3000,100,100,19,11,true,1,3,81
22639387,32478784,164373,2999,3000,3,3,4,1,true,1,1,-1
22640434,32479157,165808,3006,3007,41,41,1,1,true,1,1,40
22641345,32479310,166845,3005,3007,1,1,4,1,true,1,1,-3
22641459,32479346,166965,3006,3007,5,5,7,2,true,1,1,-2
22641555,32479372,167086,3006,3007,7,7,8,3,true,1,1,-1
22641898,32479468,167475,3006,3007,6,6,8,2,true,1,1,-2
22642295,32479561,167886,3006,3007,32,32,0,0,true,0,1,32
22642296,32479562,167909,3005,3007,18,18,31,9,true,-1,2,-13
22642761,32479742,168444,3006,3007,93,93,0,0,true,0,2,93
22643131,32479787,168910,3006,3008,2,2,4,1,true,1,1,-2
22643164,32479792,168942,3006,3008,2,2,4,1,true,1,1,-2
22643233,32479802,168996,3006,3007,2,2,4,1,true,1,1,-2
22643270,32479807,169010,3006,3008,1,1,4,1,true,1,1,-3
22643447,32479864,169188,3006,3008,1,1,4,1,true,1,1,-3
22643970,32480000,169756,3006,3008,3,3,4,1,true,1,1,-1
22644087,32480031,169873,3005,3007,1,1,4,1,true,1,1,-3
22644579,32480148,170383,3003,3005,1,1,4,1,true,1,1,-3
22646178,32480843,172071,3003,3004,42,42,0,0,true,0,1,42
22646179,32480844,172092,3002,3004,8,8,15,1,true,-1,1,-7
22646876,32481038,172968,3000,3001,217,217,0,0,true,0,1,217
22646877,32481039,172989,3000,3001,7,7,10,1,true,-1,1,-3
22649151,32481587,175603,2996,2998,80,80,58,29,true,-1,3,22
22649358,32481597,175881,2995,2996,6,6,8,2,true,1,1,-2
22649543,32481600,176190,2993,2995,67,67,0,0,true,0,1,67
22649613,32481602,176409,2993,2994,33,33,0,0,true,0,1,33
22649726,32481604,176530,2994,2996,2,2,4,1,true,1,1,-2
22652561,32482206,179521,2995,2996,3,3,4,1,true,1,1,-1
22653391,32482438,180432,2995,2996,2,2,3,1,true,1,1,-1
22654632,32483097,181727,2994,2996,1,1,3,1,true,1,1,-2
22654989,32483191,182094,2994,2996,7,7,8,4,true,1,1,-1
22655219,32483254,182338,2996,2997,40,40,23,6,true,1,1,17
22655278,32483256,182413,2996,2997,11,11,17,4,true,1,1,-6
22657162,32484199,184613,2994,2995,86,86,0,0,true,0,2,86
22657927,32484537,185513,2992,2993,89,89,0,0,true,0,1,89
22657928,32484538,185534,2992,2993,1,1,28,1,true,-1,1,-27
22658395,32484706,186327,2988,2990,69,69,0,0,true,0,1,69
22658396,32484707,186429,2988,2990,99,99,104,36,true,-1,5,-5
22658590,32484711,186742,2986,2988,121,121,0,0,true,0,2,121
22658592,32484712,186783,2986,2988,16,16,21,11,true,-1,2,-5
22658948,32484721,187403,2983,2984,69,69,0,0,true,0,2,69
22658953,32484722,187616,2981,2983,217,217,222,67,true,-1,8,-5
22659369,32484731,188140,2981,2982,4,4,5,2,true,-1,1,-1
22659374,32484731,188152,2981,2982,20,20,21,6,true,1,1,-1
22659731,32484747,188513,2984,2985,2,2,4,1,true,-1,1,-2
22661884,32485175,190704,2984,2985,1,1,2,1,true,1,1,-1
22662332,32485276,191213,2984,2985,73,73,0,0,true,0,2,73
22662492,32485280,191491,2986,2987,6,6,9,4,true,-1,1,-3
22662564,32485281,191565,2986,2987,1,1,4,1,true,1,1,-3
22662931,32485441,191991,2986,2987,10,10,11,4,true,-1,1,-1
22664396,32485991,193593,2988,2989,15,15,12,8,true,-1,1,3
22665451,32486495,194715,2988,2989,12,12,11,9,true,-1,1,1
22667999,32487736,197716,2983,2985,2,2,3,1,true,1,1,-1
22668544,32487976,198250,2984,2985,6,6,11,1,true,-1,1,-5
22672040,32489541,202079,2981,2982,99,99,0,0,true,0,2,99
22672956,32490118,203272,2979,2980,253,253,221,16,true,-1,2,32
22672981,32490120,203357,2978,2979,76,76,0,0,true,0,2,76
