medida,versao_qidres,status,h_s,n_sessoes,N_blocos,blocos_por_sessao,icc_residuo_sessao,efeito_desenho,ep_wild,beta_min_detectavel_80,sessoes_para_beta_0.10,sessoes_para_beta_0.20
QIDres^R,"controle=pregão anterior (principal, D-4)",confirmatorio,5,11,1151,104.63636363636364,0.005270622526884159,1.5462281527861763,0.031274797725558266,0.08761900418595817,9,3
QIDres^R,"controle=pregão anterior (principal, D-4)",confirmatorio,30,11,1151,104.63636363636364,0.007176723190046375,1.7437694942411697,0.02878900489421002,0.08065484427654539,8,2
QIDres^R,"controle=pregão anterior (principal, D-4)",confirmatorio,60,11,1151,104.63636363636364,0.010776664573518798,2.116854328528312,0.02687715938205547,0.07529864656737588,7,2
QIDres^A,"controle=pregão anterior (principal, D-4)",confirmatorio,5,11,1151,104.63636363636364,0.005335394557207388,1.5529408904742201,0.030065751248149527,0.084231757710547,8,2
QIDres^A,"controle=pregão anterior (principal, D-4)",confirmatorio,30,11,1151,104.63636363636364,0.007542642800110962,1.7816920720114997,0.03090933111382152,0.08659511840851566,9,3
QIDres^A,"controle=pregão anterior (principal, D-4)",confirmatorio,60,11,1151,104.63636363636364,0.011809338037678332,2.2238768511775726,0.036780298367999315,0.10304313220331136,12,3
QIDres^R,controle=5 pregões antes (artigo),confirmatorio,5,7,731,104.42857142857143,0.014738433555895252,2.524375127781166,0.0665902107332357,0.18655813553707218,25,7
QIDres^R,controle=5 pregões antes (artigo),confirmatorio,30,7,731,104.42857142857143,0.005956643077597183,1.6160870840257657,0.0438750576050007,0.1229197032603059,11,3
QIDres^R,controle=5 pregões antes (artigo),confirmatorio,60,7,731,104.42857142857143,0.011950315780441891,2.2360040892914186,0.02483811239110186,0.06958608310322512,4,1
QIDres^A,controle=5 pregões antes (artigo),confirmatorio,5,7,731,104.42857142857143,0.012188961026543375,2.260686826173915,0.06979932915463273,0.19554875356968177,27,7
QIDres^A,controle=5 pregões antes (artigo),confirmatorio,30,7,731,104.42857142857143,0.005157449925582599,1.5334276780174,0.044358719071363004,0.12427472196954453,11,3
QIDres^A,controle=5 pregões antes (artigo),confirmatorio,60,7,731,104.42857142857143,0.011567250141800125,2.196384157523327,0.03648608253323837,0.10221886153388264,8,2
θ_t (E),n/a,exploratorio,5,12,1256,104.66666666666667,0.0027398650428218604,1.2840326761058662,0.029163496472146118,0.08170401426391749,9,3
θ_t (E),n/a,exploratorio,30,12,1256,104.66666666666667,0.00426407511479173,1.4420424535667427,0.02763960430380577,0.0774347008234777,8,2
θ_t (E),n/a,exploratorio,60,12,1256,104.66666666666667,0.008207303540132181,1.8508238003270363,0.03536827175873528,0.0990872196351964,12,3
κ_t (E),n/a,exploratorio,5,12,1256,104.66666666666667,0.0047834250424632204,1.4958817294020206,0.05813419950467235,0.1628679013192975,32,8
κ_t (E),n/a,exploratorio,30,12,1256,104.66666666666667,0.0069675842966441005,1.722306238752105,0.04946452163421158,0.13857906184258267,24,6
κ_t (E),n/a,exploratorio,60,12,1256,104.66666666666667,0.010321635794471849,2.0700095773602483,0.03493500442381161,0.09787338436868426,12,3
