beta,ic95_inf,ic95_sup,ep_wild,ic95_hac_inf,ic95_hac_sup,partial_R2_M,N_blocos,n_sessoes,blocos_por_sessao,icc_residuo_sessao,exclui_zero,medida,versao_qidres,status,h_s,tipo,sinal_preregistrado
-0.008155241159298277,-0.06951651970635174,0.05213959021375547,0.031274797725558266,-0.06506426581790875,0.04875378349931225,6.797528772440318e-05,1151,11,104.63636363636364,0.005270622526884159,False,QIDres^R,"controle=pregão anterior (principal, D-4)",confirmatorio,5,preditiva (t+1),β > 0
-0.056473933371772755,-0.12487173655081463,0.012620062848637911,0.03768502492931742,-0.117488067357903,0.004540200614355991,0.004488829762755754,1163,11,105.72727272727273,-0.001536717617819004,False,QIDres^R,"controle=pregão anterior (principal, D-4)",confirmatorio,5,contemporânea (descritiva),n/a (descritivo)
-0.007898840120171502,-0.06375375643467693,0.047879056688808375,0.02878900489421002,-0.05790459849224739,0.042106918251904164,6.315036219148387e-05,1151,11,104.63636363636364,0.007176723190046375,False,QIDres^R,"controle=pregão anterior (principal, D-4)",confirmatorio,30,preditiva (t+1),β > 0
0.011367235177302426,-0.027639135862490186,0.04936306926879579,0.020091227678535287,-0.05149496651951,0.07422943687411207,0.00018009008872357581,1163,11,105.72727272727273,0.008108212609974979,False,QIDres^R,"controle=pregão anterior (principal, D-4)",confirmatorio,30,contemporânea (descritiva),n/a (descritivo)
-0.016897413348291646,-0.06738487590090048,0.033987119784221566,0.02687715938205547,-0.07085449686752722,0.03705967017094404,0.0002872285597431608,1151,11,104.63636363636364,0.010776664573518798,False,QIDres^R,"controle=pregão anterior (principal, D-4)",confirmatorio,60,preditiva (t+1),β > 0
0.006502690596729366,-0.03429330991721305,0.047621460416803235,0.0219379460252228,-0.06161856170233869,0.07462394289579612,5.755742948442626e-05,1163,11,105.72727272727273,0.012954433483837006,False,QIDres^R,"controle=pregão anterior (principal, D-4)",confirmatorio,60,contemporânea (descritiva),n/a (descritivo)
-0.04243767255708025,-0.10033037084605326,0.014932813905035723,0.030065751248149527,-0.09932978295380265,0.014454437839642238,0.0018422265799741926,1151,11,104.63636363636364,0.005335394557207388,False,QIDres^A,"controle=pregão anterior (principal, D-4)",confirmatorio,5,preditiva (t+1),β > 0
-0.043992092847182196,-0.09094377350410285,0.0019791754068211737,0.024445925656601652,-0.1005039944184166,0.012519808724051548,0.0028804515393243365,1163,11,105.72727272727273,-0.0012549925572650678,False,QIDres^A,"controle=pregão anterior (principal, D-4)",confirmatorio,5,contemporânea (descritiva),n/a (descritivo)
-0.027276936821250708,-0.08656544645621161,0.03253146314828015,0.03090933111382152,-0.08184334962778671,0.02728947598528494,0.000749005408505606,1151,11,104.63636363636364,0.007542642800110962,False,QIDres^A,"controle=pregão anterior (principal, D-4)",confirmatorio,30,preditiva (t+1),β > 0
-0.03368449126567663,-0.07887317241022503,0.012533958346466381,0.02460573216286902,-0.08963209624508356,0.02226311371373113,0.0016723007029075664,1163,11,105.72727272727273,0.005842811328168305,False,QIDres^A,"controle=pregão anterior (principal, D-4)",confirmatorio,30,contemporânea (descritiva),n/a (descritivo)
-0.044772110526381526,-0.11146195699622011,0.021315107872662525,0.036780298367999315,-0.10483357530763943,0.015289354254876243,0.0019998314759100038,1151,11,104.63636363636364,0.011809338037678332,False,QIDres^A,"controle=pregão anterior (principal, D-4)",confirmatorio,60,preditiva (t+1),β > 0
-0.052377205631743085,-0.10661743128322072,0.0007318660080320519,0.027759389848623427,-0.11269780552182665,0.007943394258341153,0.003948881707333311,1163,11,105.72727272727273,0.010910693431798587,False,QIDres^A,"controle=pregão anterior (principal, D-4)",confirmatorio,60,contemporânea (descritiva),n/a (descritivo)
0.05275539654254213,-0.07603781831408984,0.18323934001246522,0.0665902107332357,-0.034335191113076806,0.1398459841981637,0.0028658669458348565,731,7,104.42857142857143,0.014738433555895252,False,QIDres^R,controle=5 pregões antes (artigo),confirmatorio,5,preditiva (t+1),β > 0
0.005381707746257902,-0.05555873104646762,0.06651265723560561,0.03162211018164513,-0.0503365230080969,0.061099938500613606,4.2347368395893557e-05,739,7,105.57142857142857,0.0021880091416531006,False,QIDres^R,controle=5 pregões antes (artigo),confirmatorio,5,contemporânea (descritiva),n/a (descritivo)
0.04729604906396634,-0.03653957054406977,0.12992921055916845,0.0438750576050007,-0.0408253073337763,0.1354174054617096,0.002255388430320976,731,7,104.42857142857143,0.005956643077597183,False,QIDres^R,controle=5 pregões antes (artigo),confirmatorio,30,preditiva (t+1),β > 0
0.015939192104551303,-0.04976066072707244,0.08009648301990224,0.035081947506955063,-0.042912866456109894,0.07479125066521244,0.00041431057553510003,739,7,105.57142857142857,-0.003991732752987086,False,QIDres^R,controle=5 pregões antes (artigo),confirmatorio,30,contemporânea (descritiva),n/a (descritivo)
0.007142033341156595,-0.04026228973498549,0.05408168660849045,0.02483811239110186,-0.07071796911298125,0.08500203579529403,5.039079660723664e-05,731,7,104.42857142857143,0.011950315780441891,False,QIDres^R,controle=5 pregões antes (artigo),confirmatorio,60,preditiva (t+1),β > 0
-0.026261105788964567,-0.06631494080942257,0.013391858395916847,0.0216381309091582,-0.07599495104196546,0.02347273946403734,0.0011646321471329864,739,7,105.57142857142857,0.0049885115471857144,False,QIDres^R,controle=5 pregões antes (artigo),confirmatorio,60,contemporânea (descritiva),n/a (descritivo)
-0.0043648043210933185,-0.13853712773119953,0.12891475441115124,0.06979932915463273,-0.08029651500828212,0.07156690636609715,1.8828287444523116e-05,731,7,104.42857142857143,0.012188961026543375,False,QIDres^A,controle=5 pregões antes (artigo),confirmatorio,5,preditiva (t+1),β > 0
0.005913300789381015,-0.0641690526811804,0.07518535377445112,0.037553895088618894,-0.057444849318505145,0.06927145089726548,4.986407858172593e-05,739,7,105.57142857142857,0.002271817270057155,False,QIDres^A,controle=5 pregões antes (artigo),confirmatorio,5,contemporânea (descritiva),n/a (descritivo)
0.021863520023993055,-0.0623831664880192,0.1060285968121265,0.044358719071363004,-0.051258642819399576,0.09498568286738565,0.00046258361819511866,731,7,104.42857142857143,0.005157449925582599,False,QIDres^A,controle=5 pregões antes (artigo),confirmatorio,30,preditiva (t+1),β > 0
0.0173530228353882,-0.04569576397931327,0.07941359250096852,0.0328460295615628,-0.03972577362372977,0.07443181929450447,0.00047894465971401185,739,7,105.57142857142857,-0.0038546011589676073,False,QIDres^A,controle=5 pregões antes (artigo),confirmatorio,30,contemporânea (descritiva),n/a (descritivo)
-0.02613898848913576,-0.09477762810108345,0.04293644408998766,0.03648608253323837,-0.09490385673174268,0.04262587975347095,0.0006480330594039068,731,7,104.42857142857143,0.011567250141800125,False,QIDres^A,controle=5 pregões antes (artigo),confirmatorio,60,preditiva (t+1),β > 0
-0.02860518181253502,-0.06728356319975665,0.010728052877814018,0.021497890881772872,-0.07880809397202904,0.02159773034695802,0.0013477018658330812,739,7,105.57142857142857,0.005146532322450465,False,QIDres^A,controle=5 pregões antes (artigo),confirmatorio,60,contemporânea (descritiva),n/a (descritivo)
-0.04486794751640749,-0.10216489680093158,0.0115424294872895,0.029163496472146118,-0.10090789172849313,0.011171996695678331,0.0019411217916008915,1256,12,104.66666666666667,0.0027398650428218604,False,θ_t (E),n/a,exploratorio,5,preditiva (t+1),β > 0
-0.00393940320799846,-0.06449238304216046,0.05702578880628875,0.032826462646555025,-0.05845799557627753,0.05057918916027795,2.0450044197625942e-05,1269,12,105.75,0.0003851771362382058,False,θ_t (E),n/a,exploratorio,5,contemporânea (descritiva),n/a (descritivo)
-0.0560725914833059,-0.10952391768220653,-0.00430288209649856,0.02763960430380577,-0.11322736460019549,0.0010821816335838813,0.002962587614555536,1256,12,104.66666666666667,0.00426407511479173,True,θ_t (E),n/a,exploratorio,30,preditiva (t+1),β > 0
-0.05577655374318846,-0.11417347038197073,0.003034910376261822,0.03328638120840507,-0.10619274376033491,-0.005360363726043711,0.004092642356581697,1269,12,105.75,0.007088502165884252,False,θ_t (E),n/a,exploratorio,30,contemporânea (descritiva),n/a (descritivo)
-0.06977046770809431,-0.13621663434360953,-0.0029830335416833192,0.03536827175873528,-0.1286019856438977,-0.010938949772290936,0.004543787737509327,1256,12,104.66666666666667,0.008207303540132181,True,θ_t (E),n/a,exploratorio,60,preditiva (t+1),β > 0
-0.06761775529741154,-0.12261156130234474,-0.012669967114380502,0.02977048238262428,-0.11857210361292567,-0.016663406981899838,0.006005663458681477,1269,12,105.75,0.012180474792827436,True,θ_t (E),n/a,exploratorio,60,contemporânea (descritiva),n/a (descritivo)
-0.04986417955454636,-0.1536108319162071,0.053953114016764836,0.05813419950467235,-0.1703954340641307,0.07066707495503793,0.0015429686063203687,1256,12,104.66666666666667,0.0047834250424632204,False,κ_t (E),n/a,exploratorio,5,preditiva (t+1),β > 0
0.11857830032082806,0.02131316850052538,0.2133984985210492,0.05578423165772414,0.02865945853644558,0.20849714210521447,0.008609365379008395,1269,12,105.75,0.0012731763687310576,True,κ_t (E),n/a,exploratorio,5,contemporânea (descritiva),n/a (descritivo)
-0.09488965533868166,-0.18533661244721467,-0.003043374454959169,0.04946452163421158,-0.1993629881262318,0.009583677448868427,0.005529701638123446,1256,12,104.66666666666667,0.0069675842966441005,True,κ_t (E),n/a,exploratorio,30,preditiva (t+1),β > 0
-0.12925515574598823,-0.21042436237735979,-0.04715412400676046,0.042862464870641714,-0.22856269735976414,-0.029947614132210212,0.010212298634625748,1269,12,105.75,0.007283360263939697,True,κ_t (E),n/a,exploratorio,30,contemporânea (descritiva),n/a (descritivo)
-0.07924069215744944,-0.1455858914888149,-0.012839210733934417,0.03493500442381161,-0.16461252472015464,0.006131140405254462,0.0038369457522366515,1256,12,104.66666666666667,0.010321635794471849,True,κ_t (E),n/a,exploratorio,60,preditiva (t+1),β > 0
-0.14108745783461307,-0.18957815123739172,-0.09317069000662062,0.024934872160452422,-0.24449697135850823,-0.03767794431071564,0.012149086512894728,1269,12,105.75,0.011942446336128567,True,κ_t (E),n/a,exploratorio,60,contemporânea (descritiva),n/a (descritivo)
