id,bloco_min,h_s,regressor,beta,ic95_webb_inf,ic95_webb_sup,N_blocos,n_sessoes,ic95_hac_inf,ic95_hac_sup,partial_R2
E3,5,,"corr(θ_t, κ_t)",0.17319203892280113,0.11081654497129298,0.24355429971876838,1269,12,,,
E3,10,,"corr(θ_t, κ_t)",0.15468996311607294,0.06783119330504905,0.24979341265403943,634,12,,,
E3,15,,"corr(θ_t, κ_t)",0.061962456185227485,-0.08172803240142555,0.2063520876400282,407,12,,,
E3,5,30.0,θ_t,-0.05410300076871377,-0.1070042986258638,-0.0023990082710423286,1256,12,-0.11156346861310021,0.003357467075670688,0.002765113220218517
E3,5,30.0,κ_t,-0.092368057538222,-0.18322688018559616,-0.0013520992746158117,1256,12,-0.19620400054434076,0.011467885467898231,0.005266281108342426
E3,5,60.0,θ_t,-0.06780801776334938,-0.1333021732348918,-0.0015138019906520833,1256,12,-0.12702442623451726,-0.008591609292182292,0.004296117783873394
E3,5,60.0,κ_t,-0.07655240999376058,-0.1432693338376398,-0.009550076367646473,1256,12,-0.16179003233864314,0.008685212351121102,0.003604175572208838
E3,10,30.0,θ_t,-0.08566049918708149,-0.1427222734105382,-0.028308709947216612,621,12,-0.1573310499984042,-0.013989948375758718,0.007047869625797379
E3,10,30.0,κ_t,0.04238092670936512,-0.034030101642921126,0.11831924687606814,621,12,-0.058721356619610934,0.14348321003834097,0.0013515091090491428
E3,10,60.0,θ_t,-0.09159284474485122,-0.16734372420922106,-0.01595054910391769,621,12,-0.16653406433754553,-0.016651625152157137,0.008148887938996142
E3,10,60.0,κ_t,0.04420099878490403,-0.09178512839608816,0.18010037293558293,621,12,-0.08699178184492068,0.17539377941472922,0.0014832141684053576
E3,15,30.0,θ_t,-0.08922297096359544,-0.16728715141698908,-0.009818454281191685,394,12,-0.1833847193043967,0.004938777377205106,0.007551657560368634
E3,15,30.0,κ_t,0.0857961879036388,-0.010824620457880033,0.18377939860090137,394,12,-0.005663102799827027,0.1772554786071051,0.004311524057642503
E3,15,60.0,θ_t,-0.06902164543552114,-0.1806529987149231,0.04181942505867062,394,12,-0.16380646764919365,0.02576317677815161,0.0045561039241699625
E3,15,60.0,κ_t,0.035369222915348546,-0.10051040678609166,0.1701784272664127,394,12,-0.08331204153105869,0.1540504873617563,0.0007425717089593148
