id,estimador,bloco_min,intervalo_s,h_s,versao,valor,r_bruto,ic95_inf,ic95_sup,N_blocos,n_sessoes,negocios_medios_por_metade
E2,metades sem sobreposição (Spearman-Brown),5,0.0,5,bruto,0.12120154814100469,0.06451013839248199,-0.0873274351344256,0.2881326288199076,1269,12,4142.775019700552
E2,metades sem sobreposição (Spearman-Brown),5,0.0,5,sem_media_por_hora,0.11172425497697387,0.05916734103662995,-0.07997121569539505,0.27164535559067904,1269,12,4142.775019700552
E2,metades sem sobreposição (Spearman-Brown),5,30.0,5,bruto,0.06317274590520898,0.03261661347012273,-0.15744119880007468,0.24212178994958788,1269,12,3735.4881796690306
E2,metades sem sobreposição (Spearman-Brown),5,30.0,5,sem_media_por_hora,0.04645374647370271,0.023779189456021442,-0.1607287163459011,0.21566874175494818,1269,12,3735.4881796690306
E2,metades sem sobreposição (Spearman-Brown),5,60.0,5,bruto,0.02273661177522255,0.011499030382409441,-0.2250465242622121,0.22331525908344607,1269,12,3306.0579196217495
E2,metades sem sobreposição (Spearman-Brown),5,60.0,5,sem_media_por_hora,0.006716948020336975,0.0033697913668938907,-0.23061134066896835,0.19938849804175926,1269,12,3306.0579196217495
E2,metades sem sobreposição (Spearman-Brown),5,120.0,5,bruto,0.1308011760856926,0.0699771337389249,-0.1339878843287084,0.3358913291390636,1269,12,2495.354609929078
E2,metades sem sobreposição (Spearman-Brown),5,120.0,5,sem_media_por_hora,0.11669561158686044,0.061963223950849196,-0.12599041628855404,0.31090275541445883,1269,12,2495.354609929078
E2,metades sem sobreposição (Spearman-Brown),10,60.0,5,bruto,0.07104471176671218,0.036830667978717826,-0.19217215104925128,0.2735207974373949,634,12,7442.11119873817
E2,metades sem sobreposição (Spearman-Brown),10,60.0,5,sem_media_por_hora,0.07079216642032075,0.036694940372994776,-0.21418070962353636,0.2946192237911981,634,12,7442.11119873817
E2,metades sem sobreposição (Spearman-Brown),15,60.0,5,bruto,-0.106674045001137,-0.05063623641932676,-0.5046391294288898,0.1843612575233114,407,12,11583.839066339067
E2,metades sem sobreposição (Spearman-Brown),15,60.0,5,sem_media_por_hora,-0.08136613137060188,-0.03909265657024091,-0.4592434772624737,0.1993649937216609,407,12,11583.839066339067
E2,correlação AS_t × AS_{t+2},5,,5,bruto,0.03948898485965123,0.03948898485965123,-0.05098732156787506,0.12909408981060233,1243,12,8265.75382139984
E2,correlação AS_t × AS_{t+2},5,,5,sem_media_por_hora,0.03530529694698814,0.03530529694698814,-0.0525678357518037,0.1226824244375662,1243,12,8265.75382139984
E2,correlação AS_t × AS_{t+2},10,,5,bruto,0.08859151399984033,0.08859151399984033,-0.03274399951012593,0.20671099875729224,608,12,16462.857730263157
E2,correlação AS_t × AS_{t+2},10,,5,sem_media_por_hora,0.0867984829760765,0.0867984829760765,-0.03454489380634929,0.20415485531231856,608,12,16462.857730263157
E2,correlação AS_t × AS_{t+2},15,,5,bruto,0.019465234819487927,0.019465234819487927,-0.04968170899248172,0.08899347740731944,381,12,24762.662729658794
E2,correlação AS_t × AS_{t+2},15,,5,sem_media_por_hora,0.015676322917368906,0.015676322917368906,-0.0443204863959058,0.07729539918884243,381,12,24762.662729658794
E2,metades sem sobreposição (Spearman-Brown),5,0.0,30,bruto,0.09213885986664054,0.048294321808032656,-0.09174321061863251,0.24686709269870377,1269,12,4141.429078014185
E2,metades sem sobreposição (Spearman-Brown),5,0.0,30,sem_media_por_hora,0.08150938218273794,0.042486203177513684,-0.09758648004759604,0.22900228101687103,1269,12,4141.429078014185
E2,metades sem sobreposição (Spearman-Brown),5,30.0,30,bruto,0.059823091240882253,0.03083383322974574,-0.11718474378844262,0.20660628418865462,1269,12,3734.1422379826636
E2,metades sem sobreposição (Spearman-Brown),5,30.0,30,sem_media_por_hora,0.042688939109037996,0.02180999227052144,-0.12523342710479296,0.18655296658270454,1269,12,3734.1422379826636
E2,metades sem sobreposição (Spearman-Brown),5,60.0,30,bruto,0.01560850835462262,0.007865639628237206,-0.14896746573750994,0.16080088461622757,1269,12,3304.7119779353825
E2,metades sem sobreposição (Spearman-Brown),5,60.0,30,sem_media_por_hora,-0.0003308484381359132,-0.0001653968584218159,-0.1624069036512776,0.13539981733986864,1269,12,3304.7119779353825
E2,metades sem sobreposição (Spearman-Brown),5,120.0,30,bruto,0.13110659768908955,0.07015199343471093,-0.018680741733959855,0.26115210443204007,1269,12,2494.008668242711
E2,metades sem sobreposição (Spearman-Brown),5,120.0,30,sem_media_por_hora,0.11420835739501736,0.06056255357948929,-0.02920153911799844,0.2392428754245726,1269,12,2494.008668242711
E2,metades sem sobreposição (Spearman-Brown),10,60.0,30,bruto,0.04630746993766748,0.023702537234039606,-0.10543392609200965,0.17636519123376118,634,12,7439.417192429022
E2,metades sem sobreposição (Spearman-Brown),10,60.0,30,sem_media_por_hora,0.03908860800660602,0.0199338981690906,-0.10740845849212498,0.16442028165517947,634,12,7439.417192429022
E2,metades sem sobreposição (Spearman-Brown),15,60.0,30,bruto,0.02195777529622135,0.011100761663219617,-0.376345227097231,0.31152446232021774,407,12,11583.839066339067
E2,metades sem sobreposição (Spearman-Brown),15,60.0,30,sem_media_por_hora,-2.3339687968839094e-05,-1.166970780075017e-05,-0.3583925239837446,0.26741805194402674,407,12,11583.839066339067
E2,correlação AS_t × AS_{t+2},5,,30,bruto,0.04337536338346393,0.04337536338346393,-0.023945704660238407,0.11143955154127487,1243,12,8264.379726468222
E2,correlação AS_t × AS_{t+2},5,,30,sem_media_por_hora,0.03105057374130307,0.03105057374130307,-0.029804556615445482,0.08994525476955574,1243,12,8264.379726468222
E2,correlação AS_t × AS_{t+2},10,,30,bruto,0.009641265263900066,0.009641265263900066,-0.04922213441570691,0.06833313976081233,608,12,16460.04851973684
E2,correlação AS_t × AS_{t+2},10,,30,sem_media_por_hora,-0.0014117649411759677,-0.0014117649411759677,-0.06793052803041276,0.06385866553022021,608,12,16460.04851973684
E2,correlação AS_t × AS_{t+2},15,,30,bruto,-0.01510643046295434,-0.01510643046295434,-0.08334805239943606,0.0509551370377656,381,12,24762.662729658794
E2,correlação AS_t × AS_{t+2},15,,30,sem_media_por_hora,-0.03213621409075024,-0.03213621409075024,-0.10513482373663616,0.04177066973142667,381,12,24762.662729658794
E2,metades sem sobreposição (Spearman-Brown),5,0.0,60,bruto,-0.017753998514394694,-0.00879889150385348,-0.19564045623039772,0.13428615816265066,1269,12,4139.402285263987
E2,metades sem sobreposição (Spearman-Brown),5,0.0,60,sem_media_por_hora,0.0026949880216061064,0.0013493122009124862,-0.16082633098301533,0.14240888654066317,1269,12,4139.402285263987
E2,metades sem sobreposição (Spearman-Brown),5,30.0,60,bruto,-0.055940439759554726,-0.027209173319289855,-0.1825136006280399,0.05542818900501347,1269,12,3732.1154452324663
E2,metades sem sobreposição (Spearman-Brown),5,30.0,60,sem_media_por_hora,-0.0394393646836875,-0.019338336489255935,-0.16169537980753468,0.07109364472115862,1269,12,3732.1154452324663
E2,metades sem sobreposição (Spearman-Brown),5,60.0,60,bruto,-0.07593346697827394,-0.03657798681226648,-0.17389327215683745,0.013421238581356243,1269,12,3302.685185185185
E2,metades sem sobreposição (Spearman-Brown),5,60.0,60,sem_media_por_hora,-0.05458126197614101,-0.026565637965394254,-0.1511719275500838,0.032991428019306615,1269,12,3302.685185185185
E2,metades sem sobreposição (Spearman-Brown),5,120.0,60,bruto,-0.0018881349941785362,-0.0009431770742694505,-0.10643735838999248,0.09282206154306137,1269,12,2491.9818754925136
E2,metades sem sobreposição (Spearman-Brown),5,120.0,60,sem_media_por_hora,0.007434558165829086,0.0037311488043200837,-0.08986082377124015,0.09602590999230957,1269,12,2491.9818754925136
E2,metades sem sobreposição (Spearman-Brown),10,60.0,60,bruto,0.0808291982738329,0.04211672989247877,-0.2209380137963275,0.3071439696408483,634,12,7435.360410094638
E2,metades sem sobreposição (Spearman-Brown),10,60.0,60,sem_media_por_hora,0.07997138156268649,0.041651140402154084,-0.22508436736363474,0.30626667581047473,634,12,7435.360410094638
E2,metades sem sobreposição (Spearman-Brown),15,60.0,60,bruto,-0.018614436964636334,-0.009221392963297445,-0.26202893772691555,0.18070426750628857,407,12,11583.839066339067
E2,metades sem sobreposição (Spearman-Brown),15,60.0,60,sem_media_por_hora,0.002621353971094352,0.0013123971142407099,-0.27249499855046305,0.21860273794573437,407,12,11583.839066339067
E2,correlação AS_t × AS_{t+2},5,,60,bruto,0.08951031768348866,0.08951031768348866,-0.003250107055851253,0.18041446390319804,1243,12,8262.310539018505
E2,correlação AS_t × AS_{t+2},5,,60,sem_media_por_hora,0.08080735919063967,0.08080735919063967,-0.01215461309420312,0.17163202445083856,1243,12,8262.310539018505
E2,correlação AS_t × AS_{t+2},10,,60,bruto,-0.004515217404536594,-0.004515217404536594,-0.09320051807693136,0.08389829516476599,608,12,16455.818256578947
E2,correlação AS_t × AS_{t+2},10,,60,sem_media_por_hora,-0.013665680306268635,-0.013665680306268635,-0.10119998334726261,0.07339323595201017,608,12,16455.818256578947
E2,correlação AS_t × AS_{t+2},15,,60,bruto,-0.0049195147948961,-0.0049195147948961,-0.10888862882614157,0.09855823320033077,381,12,24762.662729658794
E2,correlação AS_t × AS_{t+2},15,,60,sem_media_por_hora,-0.009627415688028915,-0.009627415688028915,-0.1226206531894472,0.10247476072313143,381,12,24762.662729658794
