dia,n_msgs_status_instrumento,abertura_brt,inicio_call_brt,fechamento_brt,n_leiloes_intradiarios,leiloes_intradiarios_brt,janela_valida_ini_brt,janela_valida_fim_brt,status,exclusoes_intradiarias_brt,minutos_validos
2025-09-15,7,2025-09-15T09:00:38.224000,2025-09-15T18:25:00.002000,2025-09-15T18:31:14.132000,0,"",2025-09-15T09:15:38.224000,2025-09-15T18:10:00.002000,ok,"",534.36
2025-09-16,7,2025-09-16T09:00:52.338000,2025-09-16T18:25:00.002000,2025-09-16T18:31:13.496000,0,"",2025-09-16T09:15:52.338000,2025-09-16T18:10:00.002000,ok,"",534.13
2025-09-17,7,2025-09-17T09:00:39.998000,2025-09-17T18:25:00.002000,2025-09-17T18:31:26.298000,0,"",2025-09-17T09:15:39.998000,2025-09-17T18:10:00.002000,ok,"",534.33
2025-09-18,7,2025-09-18T09:00:36.284000,2025-09-18T18:25:00.002000,2025-09-18T18:31:26.199000,0,"",2025-09-18T09:15:36.284000,2025-09-18T18:10:00.002000,ok,"",534.4
2025-09-19,7,2025-09-19T09:00:48.510000,2025-09-19T18:25:00.002000,2025-09-19T18:31:12.378000,0,"",2025-09-19T09:15:48.510000,2025-09-19T18:10:00.002000,ok,"",534.19
2025-09-20,0,,,,,,,,sem mensagens de status do instrumento,,
2025-09-22,7,2025-09-22T09:00:59.254000,2025-09-22T18:25:00.001000,2025-09-22T18:31:19.437000,0,"",2025-09-22T09:15:59.254000,2025-09-22T18:10:00.001000,ok,"",534.01
2025-09-23,7,2025-09-23T09:00:39.367000,2025-09-23T18:25:00.002000,2025-09-23T18:31:23.142000,0,"",2025-09-23T09:15:39.367000,2025-09-23T18:10:00.002000,ok,"",534.34
2025-09-24,7,2025-09-24T09:00:55.114000,2025-09-24T18:25:00.001000,2025-09-24T18:31:14.588000,0,"",2025-09-24T09:15:55.114000,2025-09-24T18:10:00.001000,ok,"",534.08
2025-09-25,7,2025-09-25T09:00:51.142000,2025-09-25T18:25:00.002000,2025-09-25T18:31:13.129000,0,"",2025-09-25T09:15:51.142000,2025-09-25T18:10:00.002000,ok,"",534.15
2025-09-26,8,2025-09-26T09:00:44.815000,2025-09-26T18:25:00.002000,2025-09-26T18:31:21.766000,0,"",2025-09-26T09:15:44.815000,2025-09-26T18:10:00.002000,ok,"",534.25
2025-09-29,16,2025-09-29T09:00:46.448000,2025-09-29T18:25:00.002000,2025-09-29T18:31:17.558000,1,10:01:43.688-10:09:03.061,2025-09-29T09:15:46.448000,2025-09-29T18:10:00.002000,ok,10:01:43.688-10:10:03.061,525.9
2025-09-30,7,2025-09-30T09:00:31.183000,2025-09-30T18:25:00.002000,2025-09-30T18:31:25.545000,0,"",2025-09-30T09:15:31.183000,2025-09-30T18:10:00.002000,ok,"",534.48
