classe_amostra,hora_brt,seq,lado,ticks,bid_antes,ask_antes,qbid_antes,qask_antes,bid_depois,ask_depois,qbid_depois,qask_depois,spread_antes_ticks,teve_negocio,teve_negocio_nrl,agressor,n_pacotes,classe_w100,classe_w1000,classe_w5000,max_bid_janela_1s,min_ask_janela_1s,n_mensagens,mensagens,causa_A,r_10ms,r_1ms,r2_10ms,r_semrlp_10ms
undercut,10:58:30.733,30910979,ask,1,147815.0,147825.0,184,107,147815.0,147820.0,184,90,2,True,False,0,1,undercut,undercut,recomposicao,147815.0,147825.0,2,T 147820x10 RLP | N S 147820x90,,,,,
undercut,10:58:57.969,30919429,ask,1,147805.0,147815.0,119,192,147805.0,147810.0,119,1,2,False,False,0,1,undercut,undercut,recomposicao,147805.0,147815.0,1,N S 147810x1,,,,,
undercut,10:59:02.151,30922336,bid,1,147795.0,147805.0,105,87,147800.0,147805.0,1,87,2,False,False,0,1,undercut,undercut,recomposicao,147795.0,147805.0,1,N B 147800x1,,,,,
undercut,10:59:10.107,30925022,bid,1,147795.0,147805.0,185,84,147800.0,147805.0,1,84,2,False,False,0,1,undercut,undercut,recomposicao,147795.0,147805.0,1,N B 147800x1,,,,,
undercut,10:59:12.416,30925530,ask,1,147795.0,147805.0,173,114,147795.0,147800.0,173,3,2,False,False,0,1,undercut,undercut,recomposicao,147795.0,147805.0,1,N S 147800x3,,,,,
undercut,10:59:56.445,30943556,bid,1,147780.0,147790.0,330,3,147785.0,147790.0,1,3,2,False,False,0,1,undercut,undercut,recomposicao,147780.0,147790.0,1,N B 147785x1,,,,,
undercut,17:06:37.321,43474969,bid,1,147080.0,147090.0,391,676,147085.0,147090.0,19,676,2,False,False,0,1,undercut,undercut,recomposicao,147080.0,147090.0,1,N B 147085x19,,,,,
undercut,17:20:22.171,43747650,ask,1,147160.0,147170.0,339,340,147160.0,147165.0,339,4,2,False,False,0,1,undercut,undercut,deslocamento,147160.0,147170.0,1,N S 147165x4,,,,,
undercut,17:23:40.464,43776932,bid,1,147165.0,147175.0,365,735,147170.0,147175.0,5,735,2,False,False,0,1,undercut,undercut,recomposicao,147165.0,147175.0,1,N B 147170x5,,,,,
undercut,17:27:39.297,43827042,ask,1,147170.0,147180.0,246,386,147170.0,147175.0,246,1,2,False,False,0,1,undercut,undercut,recomposicao,147170.0,147180.0,1,N S 147175x1,,,,,
undercut,17:28:05.110,43830737,bid,1,147170.0,147180.0,287,295,147175.0,147180.0,1,295,2,False,False,0,1,undercut,undercut,recomposicao,147170.0,147180.0,1,N B 147175x1,,,,,
undercut,17:33:31.640,43897828,ask,1,147130.0,147140.0,256,419,147130.0,147135.0,256,14,2,False,False,0,1,undercut,undercut,recomposicao,147130.0,147140.0,1,N S 147135x14,,,,,
undercut,17:39:35.850,43965783,ask,1,147140.0,147150.0,226,619,147140.0,147145.0,226,1,2,False,False,0,1,undercut,undercut,recomposicao,147140.0,147150.0,1,N S 147145x1,,,,,
undercut,17:44:02.347,44005193,bid,1,147145.0,147155.0,352,310,147150.0,147155.0,1,310,2,False,False,0,1,undercut,undercut,deslocamento,147145.0,147155.0,2,D B 147145x1 | N B 147150x1,,,,,
undercut,17:44:26.701,44008329,bid,1,147145.0,147155.0,402,245,147150.0,147155.0,1,245,2,False,False,0,1,undercut,undercut,recomposicao,147145.0,147155.0,1,N B 147150x1,,,,,
undercut,17:46:20.626,44024663,bid,1,147150.0,147160.0,409,241,147155.0,147160.0,1,241,2,False,False,0,1,undercut,undercut,recomposicao,147150.0,147160.0,2,D B 147150x1 | N B 147155x1,,,,,
undercut,17:52:32.910,44074555,ask,1,147140.0,147150.0,206,207,147140.0,147145.0,206,2,2,False,False,0,1,undercut,undercut,recomposicao,147140.0,147150.0,1,N S 147145x2,,,,,
undercut,17:58:04.271,44121711,bid,1,147165.0,147175.0,241,146,147170.0,147175.0,3,146,2,False,False,0,1,undercut,undercut,recomposicao,147165.0,147175.0,1,N B 147170x3,,,,,
undercut,18:05:28.426,44186874,ask,1,147135.0,147145.0,41,59,147135.0,147140.0,41,1,2,False,False,0,1,undercut,undercut,recomposicao,147135.0,147145.0,1,N S 147140x1,,,,,
undercut,18:06:46.119,44195820,ask,1,147140.0,147150.0,82,79,147140.0,147145.0,82,1,2,False,False,0,1,undercut,undercut,deslocamento,147140.0,147150.0,1,N S 147145x1,,,,,
recomposicao,09:59:21.260,26214715,ask,1,147855.0,147865.0,262,217,147855.0,147860.0,262,13,2,False,False,0,1,recomposicao,recomposicao,recomposicao,147870.0,147860.0,1,N S 147860x13,,,,,
recomposicao,10:26:19.092,28336681,ask,1,148215.0,148225.0,235,291,148215.0,148220.0,235,9,2,False,False,0,1,recomposicao,recomposicao,recomposicao,148240.0,148220.0,1,N S 148220x9,,,,,
recomposicao,10:35:39.722,29307294,bid,1,148070.0,148080.0,208,105,148075.0,148080.0,10,105,2,False,False,0,1,recomposicao,recomposicao,recomposicao,148095.0,148070.0,1,N B 148075x10,,,,,
recomposicao,10:48:33.611,30255682,ask,1,147785.0,147795.0,515,185,147785.0,147790.0,515,9,2,False,False,0,1,deslocamento,recomposicao,recomposicao,147790.0,147790.0,1,N S 147790x9,,,,,
recomposicao,11:02:24.969,31078930,bid,1,147680.0,147690.0,588,170,147685.0,147690.0,30,170,2,False,False,0,1,recomposicao,recomposicao,recomposicao,147690.0,147685.0,1,N B 147685x30,,,,,
recomposicao,11:12:04.617,31717640,ask,1,147445.0,147450.0,1,150,147440.0,147445.0,363,21,1,True,True,-1,1,recomposicao,recomposicao,recomposicao,147460.0,147440.0,3,T 147445x1 | D B 147445x1 | N S 147445x21,,,,,
recomposicao,11:24:10.205,32398489,bid,1,147305.0,147315.0,1581,359,147310.0,147315.0,7,359,2,False,False,0,1,recomposicao,recomposicao,recomposicao,147315.0,147310.0,1,N B 147310x7,,,,,
recomposicao,11:34:20.611,33021011,ask,1,147130.0,147140.0,430,253,147130.0,147135.0,430,20,2,False,False,0,1,recomposicao,recomposicao,recomposicao,147145.0,147135.0,1,N S 147135x20,,,,,
recomposicao,11:40:36.831,33388055,bid,1,147000.0,147010.0,479,256,147005.0,147010.0,4,256,2,False,False,0,1,recomposicao,recomposicao,recomposicao,147005.0,147005.0,1,N B 147005x4,,,,,
recomposicao,12:27:30.004,35631665,ask,1,146780.0,146785.0,4,393,146775.0,146780.0,391,30,1,True,True,-1,1,recomposicao,recomposicao,recomposicao,146780.0,146780.0,3,T 146780x4 | D B 146780x4 | N S 146780x30,,,,,
recomposicao,12:33:12.575,35847742,bid,1,146780.0,146785.0,375,15,146785.0,146790.0,17,439,1,True,True,1,2,deslocamento,recomposicao,recomposicao,146785.0,146785.0,25,T 146785x1 | T 146785x1 | T 146785x1 | T 146785x1 | T 146785x1 | T 146785x1 | T 146785x2 | T 146785x1 | T 146785x1 | T 146785x2 | T 146785x1 | T 146785x2 | D S 146785x1 | D S 146785x1 | D S 146785x1 | D S 146785x1 | D S 146785x1 | D S 146785x1 | D S 146785x2 | D S 146785x1 | D S 146785x1 | D S 146785x2 | D S 146785x1 | D S 146785x2 | N B 146785x17,,,,,
recomposicao,13:03:31.926,36926150,bid,1,146810.0,146820.0,406,775,146815.0,146820.0,1,775,2,False,False,0,1,recomposicao,recomposicao,recomposicao,146815.0,146810.0,1,N B 146815x1,,,,,
recomposicao,14:45:07.003,39604089,ask,1,146975.0,146980.0,1,933,146970.0,146975.0,479,2,1,True,True,-1,1,recomposicao,recomposicao,recomposicao,146975.0,146965.0,3,T 146975x1 | D B 146975x1 | N S 146975x2,,,,,
recomposicao,15:32:07.028,40979707,bid,1,146815.0,146825.0,432,263,146820.0,146825.0,11,263,2,False,False,0,1,recomposicao,recomposicao,recomposicao,146820.0,146820.0,1,N B 146820x11,,,,,
recomposicao,15:59:14.734,41638172,ask,1,146965.0,146975.0,512,505,146965.0,146970.0,512,1,2,False,False,0,1,recomposicao,recomposicao,recomposicao,146970.0,146970.0,1,N S 146970x1,,,,,
recomposicao,16:54:52.080,42937964,ask,1,147050.0,147060.0,486,590,147050.0,147055.0,486,3,2,False,False,0,1,recomposicao,recomposicao,recomposicao,147065.0,147055.0,1,N S 147055x3,,,,,
recomposicao,16:57:11.066,43123314,bid,1,147130.0,147140.0,444,449,147135.0,147140.0,4,449,2,False,False,0,1,recomposicao,recomposicao,recomposicao,147135.0,147135.0,1,N B 147135x4,,,,,
recomposicao,17:01:32.103,43310638,ask,1,147185.0,147190.0,1,224,147180.0,147185.0,472,2,1,True,True,-1,1,deslocamento,recomposicao,recomposicao,147185.0,147180.0,3,T 147185x1 | D B 147185x1 | N S 147185x2,,,,,
recomposicao,17:03:52.180,43385759,bid,1,147180.0,147190.0,313,386,147185.0,147190.0,1,386,2,False,False,0,1,recomposicao,recomposicao,recomposicao,147185.0,147185.0,1,N B 147185x1,,,,,
recomposicao,18:01:42.052,44157096,bid,1,147170.0,147175.0,52,1,147175.0,147180.0,1,76,1,True,True,1,1,recomposicao,recomposicao,recomposicao,147175.0,147175.0,3,T 147175x1 | D S 147175x1 | N B 147175x1,,,,,
deslocamento,09:37:59.097,25149323,bid,1,147600.0,147610.0,223,294,147605.0,147610.0,9,294,2,False,False,0,1,deslocamento,deslocamento,recomposicao,147600.0,147605.0,1,N B 147605x9,,,,,
deslocamento,09:54:55.173,25978519,ask,1,147845.0,147855.0,264,243,147845.0,147850.0,264,10,2,False,False,0,1,deslocamento,deslocamento,recomposicao,147850.0,147855.0,1,N S 147850x10,,,,,
deslocamento,10:00:17.206,26341923,ask,1,148000.0,148010.0,256,99,148000.0,148005.0,256,12,2,False,False,0,1,deslocamento,deslocamento,recomposicao,148015.0,148010.0,1,N S 148005x12,,,,,
deslocamento,10:03:30.661,26607931,bid,1,148050.0,148060.0,265,804,148055.0,148060.0,6,804,2,False,False,0,1,deslocamento,deslocamento,deslocamento,148050.0,148040.0,1,N B 148055x6,,,,,
deslocamento,10:06:04.772,26769923,ask,1,148025.0,148035.0,211,179,148025.0,148030.0,211,20,2,False,False,0,1,deslocamento,deslocamento,recomposicao,148030.0,148035.0,1,N S 148030x20,,,,,
deslocamento,10:11:52.942,27168591,ask,1,148140.0,148145.0,35,165,148135.0,148140.0,615,15,1,True,True,-1,3,deslocamento,deslocamento,deslocamento,148145.0,148145.0,45,T 148140x1 | T 148140x4 | T 148140x2 | T 148140x1 | T 148140x1 | T 148140x1 | T 148140x1 | T 148140x1 | T 148140x1 | T 148140x1 | T 148140x1 | T 148140x1 | T 148140x2 | T 148140x2 | T 148140x1 | T 148140x3 | T 148140x4 | T 148140x1 | T 148140x1 | T 148140x1 | T 148140x3 | T 148140x1 | D B 148140x1 | D B 148140x4 | D B 148140x2 | …,,,,,
deslocamento,10:30:07.491,28709498,ask,1,148050.0,148060.0,387,51,148050.0,148055.0,387,61,2,False,False,0,1,deslocamento,deslocamento,deslocamento,148075.0,148060.0,1,N S 148055x61,,,,,
deslocamento,10:30:48.094,28806716,ask,1,147970.0,147980.0,308,279,147970.0,147975.0,308,3,2,False,False,0,1,deslocamento,deslocamento,deslocamento,147990.0,147980.0,1,N S 147975x3,,,,,
deslocamento,10:50:04.126,30373946,bid,1,147825.0,147830.0,100,17,147830.0,147835.0,6,354,1,True,True,1,1,deslocamento,deslocamento,recomposicao,147825.0,147820.0,19,T 147830x8 | T 147830x1 | T 147830x2 | T 147830x1 | T 147830x1 | T 147830x1 | T 147830x1 | T 147830x1 | T 147830x1 | D S 147830x8 | D S 147830x1 | D S 147830x2 | D S 147830x1 | D S 147830x1 | D S 147830x1 | D S 147830x1 | D S 147830x1 | D S 147830x1 | N B 147830x6,,,,,
deslocamento,11:15:48.132,31950215,ask,1,147460.0,147465.0,3,199,147455.0,147460.0,417,9,1,True,True,-1,1,deslocamento,deslocamento,deslocamento,147465.0,147465.0,7,T 147460x1 | T 147460x1 | T 147460x1 | D B 147460x1 | D B 147460x1 | D B 147460x1 | N S 147460x9,,,,,
deslocamento,12:04:31.018,34674409,bid,1,146900.0,146905.0,212,14,146905.0,146910.0,16,640,1,True,True,1,1,deslocamento,deslocamento,deslocamento,146900.0,146905.0,13,T 146905x1 | T 146905x2 | T 146905x5 | T 146905x2 | T 146905x2 | T 146905x2 | D S 146905x1 | D S 146905x2 | D S 146905x5 | D S 146905x2 | D S 146905x2 | D S 146905x2 | N B 146905x16,,,,,
deslocamento,12:10:46.085,34942839,ask,1,146860.0,146870.0,556,325,146860.0,146865.0,556,16,2,False,False,0,1,deslocamento,deslocamento,recomposicao,146875.0,146870.0,1,N S 146865x16,,,,,
deslocamento,12:10:47.894,34944387,ask,1,146850.0,146860.0,1130,346,146850.0,146855.0,1130,3,2,False,False,0,1,deslocamento,deslocamento,deslocamento,146860.0,146860.0,1,N S 146855x3,,,,,
deslocamento,12:48:22.994,36437990,bid,1,146810.0,146815.0,216,11,146815.0,146820.0,3,371,1,True,True,1,1,deslocamento,deslocamento,recomposicao,146810.0,146815.0,19,T 146815x2 | T 146815x2 | T 146815x1 | T 146815x1 | T 146815x1 | T 146815x1 | T 146815x1 | T 146815x1 | T 146815x1 | D S 146815x2 | D S 146815x2 | D S 146815x1 | D S 146815x1 | D S 146815x1 | D S 146815x1 | D S 146815x1 | D S 146815x1 | D S 146815x1 | N B 146815x3,,,,,
deslocamento,15:20:37.903,40750737,bid,1,146875.0,146885.0,607,890,146880.0,146885.0,38,890,2,False,False,0,1,deslocamento,deslocamento,deslocamento,146875.0,146865.0,1,N B 146880x38,,,,,
deslocamento,15:21:38.580,40777133,ask,1,146860.0,146870.0,498,455,146860.0,146865.0,498,3,2,False,False,0,1,deslocamento,deslocamento,recomposicao,146865.0,146870.0,1,N S 146865x3,,,,,
deslocamento,15:37:00.839,41098122,bid,1,146870.0,146880.0,332,420,146875.0,146880.0,39,420,2,False,False,0,1,deslocamento,deslocamento,recomposicao,146870.0,146875.0,1,N B 146875x39,,,,,
deslocamento,15:45:15.493,41291014,bid,1,146915.0,146920.0,476,46,146920.0,146925.0,13,634,1,True,True,1,3,deslocamento,deslocamento,deslocamento,146915.0,146920.0,53,T 146920x1 | T 146920x1 | T 146920x1 | T 146920x1 | T 146920x1 | T 146920x1 | T 146920x1 | T 146920x1 | T 146920x1 | T 146920x15 | T 146920x3 | T 146920x1 | T 146920x1 | T 146920x1 | T 146920x1 | T 146920x3 | T 146920x1 | T 146920x3 | T 146920x1 | T 146920x1 | T 146920x1 | T 146920x1 | T 146920x1 | T 146920x1 | T 146920x1 | …,,,,,
deslocamento,17:10:14.360,43555666,bid,1,147125.0,147135.0,326,1100,147130.0,147135.0,10,1100,2,False,False,0,1,deslocamento,deslocamento,deslocamento,147125.0,147125.0,1,N B 147130x10,,,,,
deslocamento,17:37:02.344,43944097,ask,1,147145.0,147155.0,522,246,147145.0,147150.0,522,1,2,False,False,0,1,deslocamento,deslocamento,recomposicao,147150.0,147155.0,1,N S 147150x1,,,,,
det_execucao,10:10:33.438,27027989,bid,1,148085.0,148090.0,63,84,148080.0,148090.0,367,84,1,True,True,-1,2,,,,,,22,T 148085x1 | T 148085x6 | T 148085x1 | T 148085x7 | T 148085x11 | T 148085x15 | T 148085x1 | T 148085x1 | T 148085x18 | T 148085x1 | T 148085x1 | D B 148085x1 | D B 148085x6 | D B 148085x1 | D B 148085x7 | D B 148085x11 | D B 148085x15 | D B 148085x1 | D B 148085x1 | D B 148085x18 | D B 148085x1 | D B 148085x1,execucao,True,True,True,True
det_execucao,10:12:58.673,27254769,bid,2,148200.0,148205.0,24,144,148190.0,148205.0,221,144,1,True,True,-1,4,,,,,,81,T 148200x20 RLP | T 148200x20 | T 148200x1 | T 148200x1 | T 148200x2 | T 148195x3 | T 148195x3 | T 148195x5 | T 148195x9 | T 148195x31 | T 148195x1 | T 148195x1 | T 148195x1 | T 148195x1 | T 148195x20 | T 148195x3 | T 148195x7 | T 148195x5 | T 148195x1 | T 148195x3 | T 148195x4 | T 148195x20 | T 148195x3 | T 148195x14 | T 148195x5 | …,execucao,True,True,True,True
det_execucao,10:25:25.517,28283047,bid,1,148275.0,148280.0,26,433,148270.0,148280.0,254,433,1,True,True,-1,2,,,,,,31,T 148275x20 RLP | T 148275x15 | T 148275x1 | T 148275x1 | T 148275x1 | T 148275x1 | T 148275x1 | T 148275x2 | T 148275x1 | T 148275x1 | T 148275x1 | T 148275x1 | T 148270x20 | T 148270x1 | T 148270x1 | T 148270x7 | D B 148275x15 | D B 148275x1 | D B 148275x1 | D B 148275x1 | D B 148275x1 | D B 148275x1 | D B 148275x2 | D B 148275x1 | D B 148275x1 | …,execucao,True,True,True,True
det_execucao,10:38:03.238,29516013,ask,1,148105.0,148110.0,205,5,148105.0,148115.0,205,268,1,True,True,1,1,,,,,,10,T 148110x1 | T 148110x1 | T 148110x1 | T 148110x1 | T 148110x1 | D S 148110x1 | D S 148110x1 | D S 148110x1 | D S 148110x1 | D S 148110x1,execucao,True,True,True,True
det_execucao,11:02:19.007,31071471,bid,1,147695.0,147700.0,100,70,147690.0,147700.0,302,70,1,True,True,-1,2,,,,,,40,T 147695x20 | T 147695x20 | T 147695x9 | T 147695x12 | T 147695x1 | T 147695x1 | T 147695x1 | T 147695x3 | T 147695x8 | T 147695x1 | T 147695x18 | T 147695x5 | T 147695x1 | T 147690x12 | T 147690x1 | T 147690x5 | T 147690x3 | T 147690x5 | T 147690x10 | T 147690x4 | D B 147695x20 | D B 147695x20 | D B 147695x9 | D B 147695x12 | D B 147695x1 | …,execucao,True,True,True,True
det_execucao,11:06:17.393,31386987,ask,1,147640.0,147645.0,265,5,147640.0,147650.0,265,365,1,True,True,1,1,,,,,,12,T 147645x1 | T 147645x1 | T 147645x1 | T 147645x2 | T 147650x9 | T 147650x1 | D S 147645x1 | D S 147645x1 | D S 147645x1 | D S 147645x2 | D S 147650x9 | D S 147650x1,execucao,True,True,True,True
det_execucao,11:22:53.475,32335352,bid,1,147385.0,147390.0,101,156,147380.0,147390.0,300,156,1,True,True,-1,2,,,,,,38,T 147385x6 | T 147385x3 | T 147385x3 | T 147385x26 | T 147385x3 | T 147385x13 | T 147385x1 | T 147385x1 | T 147385x3 | T 147385x2 | T 147385x3 | T 147385x3 | T 147385x1 | T 147385x3 | T 147385x26 | T 147385x1 | T 147385x1 | T 147385x1 | T 147385x1 | D B 147385x6 | D B 147385x3 | D B 147385x3 | D B 147385x26 | D B 147385x3 | D B 147385x13 | …,execucao,True,True,True,True
det_execucao,11:28:09.817,32712775,ask,1,147155.0,147160.0,251,75,147155.0,147165.0,251,272,1,True,True,1,3,,,,,,42,T 147160x32 | T 147160x1 | T 147160x2 | T 147160x1 | T 147160x1 | T 147160x1 | T 147160x2 | T 147160x1 | T 147160x20 | T 147160x1 | T 147160x1 | T 147160x1 | T 147160x1 | T 147160x1 | T 147160x1 | T 147160x2 | T 147160x1 | T 147160x2 | T 147160x1 | T 147160x1 | T 147160x1 | D S 147160x32 | D S 147160x1 | D S 147160x2 | D S 147160x1 | …,execucao,True,True,True,True
det_execucao,11:48:08.051,33704712,ask,1,147085.0,147090.0,255,10,147090.0,147095.0,7,372,1,True,True,1,1,,,,,,11,T 147090x2 | T 147090x1 | T 147090x1 | T 147090x3 | T 147090x3 | D S 147090x2 | D S 147090x1 | D S 147090x1 | D S 147090x3 | D S 147090x3 | N B 147090x7,execucao,True,True,True,True
det_execucao,12:11:03.134,34969792,bid,1,146825.0,146830.0,1,463,146820.0,146830.0,487,463,1,True,True,-1,1,,,,,,2,T 146825x1 | D B 146825x1,execucao,True,True,True,True
det_execucao,12:14:49.696,35151978,bid,1,146780.0,146785.0,1,523,146775.0,146785.0,417,523,1,True,True,-1,1,,,,,,2,T 146780x1 | D B 146780x1,execucao,True,True,True,True
det_execucao,12:18:33.625,35309914,bid,1,146795.0,146800.0,74,269,146790.0,146800.0,1000,269,1,True,True,-1,2,,,,,,25,T 146795x20 RLP | T 146795x1 | T 146795x1 | T 146795x29 | T 146795x1 | T 146795x1 | T 146795x29 | T 146795x1 | T 146795x11 | T 146790x17 | T 146790x1 | T 146790x12 | T 146790x1 | D B 146795x1 | D B 146795x1 | D B 146795x29 | D B 146795x1 | D B 146795x1 | D B 146795x29 | D B 146795x1 | D B 146795x11 | D B 146790x17 | D B 146790x1 | D B 146790x12 | D B 146790x1,execucao,True,True,True,True
det_execucao,12:42:46.289,36190705,ask,1,146705.0,146710.0,301,16,146705.0,146715.0,301,471,1,True,True,1,1,,,,,,12,T 146710x10 | T 146710x1 | T 146710x1 | T 146710x1 | T 146710x2 | T 146710x1 | D S 146710x10 | D S 146710x1 | D S 146710x1 | D S 146710x1 | D S 146710x2 | D S 146710x1,execucao,True,True,True,True
det_execucao,12:55:12.683,36642045,bid,1,146830.0,146835.0,4,330,146825.0,146835.0,865,330,1,True,True,-1,1,,,,,,2,T 146830x4 | D B 146830x4,execucao,True,True,True,True
det_execucao,13:52:21.134,38263271,bid,1,146920.0,146925.0,12,341,146915.0,146925.0,700,341,1,True,True,-1,1,,,,,,14,T 146920x1 | T 146920x1 | T 146920x1 | T 146920x1 | T 146920x1 | T 146920x2 | T 146920x5 | D B 146920x1 | D B 146920x1 | D B 146920x1 | D B 146920x1 | D B 146920x1 | D B 146920x2 | D B 146920x5,execucao,True,True,True,True
det_execucao,13:55:49.596,38339318,bid,1,146910.0,146915.0,10,392,146905.0,146915.0,756,392,1,True,True,-1,1,,,,,,5,D B 146910x1 | T 146910x8 | T 146910x1 | D B 146910x8 | D B 146910x1,execucao,True,True,True,True
det_execucao,14:38:28.124,39444374,bid,1,146885.0,146890.0,24,422,146880.0,146890.0,516,422,1,True,True,-1,1,,,,,,8,T 146885x13 | T 146885x1 | T 146885x5 | T 146885x5 | D B 146885x13 | D B 146885x1 | D B 146885x5 | D B 146885x5,execucao,True,True,True,True
det_execucao,15:53:53.205,41485077,ask,1,146930.0,146935.0,602,7,146935.0,146940.0,16,556,1,True,True,1,1,,,,,,9,T 146935x2 | T 146935x3 | T 146935x1 | T 146935x1 | D S 146935x2 | D S 146935x3 | D S 146935x1 | D S 146935x1 | N B 146935x16,execucao,True,True,True,True
det_execucao,15:55:16.960,41513666,bid,1,146920.0,146925.0,11,454,146915.0,146925.0,511,454,1,True,True,-1,1,,,,,,2,T 146920x11 | D B 146920x11,execucao,True,True,True,True
det_execucao,16:24:44.577,42176615,ask,1,146975.0,146980.0,246,340,146975.0,146985.0,246,727,1,True,True,1,9,,,,,,169,T 146980x1 | T 146980x1 | T 146980x1 | T 146980x1 | T 146980x5 | T 146980x5 | T 146980x1 | T 146980x1 | T 146980x5 | T 146980x2 | T 146980x1 | T 146980x1 | T 146980x21 | T 146980x6 | T 146980x3 | T 146980x3 | T 146980x1 | T 146980x24 | T 146980x55 | T 146980x3 | T 146980x1 | T 146980x1 | T 146980x5 | T 146980x4 | T 146980x2 | …,execucao,True,True,True,True
det_cancelamento,09:31:40.284,24743354,ask,1,147665.0,147670.0,125,3,147665.0,147675.0,125,677,1,False,False,0,1,,,,,,1,D S 147670x3,cancelamento,True,True,True,True
det_cancelamento,09:59:23.173,26229934,ask,1,147865.0,147870.0,174,1,147865.0,147875.0,174,227,1,False,False,0,1,,,,,,1,D S 147870x1,cancelamento,True,True,False,True
det_cancelamento,10:13:55.898,27318913,bid,1,148220.0,148225.0,18,143,148215.0,148225.0,316,143,1,False,False,0,1,,,,,,1,D B 148220x18,cancelamento,True,True,True,True
det_cancelamento,10:19:45.428,27792215,ask,1,148325.0,148330.0,182,9,148325.0,148335.0,182,298,1,False,False,0,1,,,,,,1,D S 148330x9,cancelamento,False,False,False,False
det_cancelamento,10:35:40.522,29310220,bid,1,148040.0,148045.0,42,195,148035.0,148040.0,437,68,1,False,False,0,1,,,,,,2,D B 148040x42 | N S 148040x68,cancelamento,True,True,True,True
det_cancelamento,10:37:45.953,29488611,bid,1,148065.0,148070.0,19,232,148060.0,148070.0,178,232,1,False,False,0,1,,,,,,1,D B 148065x19,cancelamento,False,False,False,False
det_cancelamento,10:41:51.030,29702431,bid,1,147960.0,147965.0,7,173,147955.0,147965.0,85,173,1,False,False,0,1,,,,,,1,D B 147960x7,cancelamento,True,True,False,True
det_cancelamento,11:02:32.906,31095575,ask,1,147730.0,147735.0,175,2,147730.0,147740.0,175,232,1,False,False,0,1,,,,,,1,D S 147735x2,cancelamento,True,True,False,True
det_cancelamento,11:12:44.440,31766010,bid,1,147395.0,147400.0,13,345,147390.0,147400.0,451,345,1,False,False,0,1,,,,,,1,D B 147395x13,cancelamento,False,False,False,False
det_cancelamento,11:55:23.786,34167782,bid,1,146895.0,146900.0,12,279,146890.0,146900.0,374,279,1,False,False,0,1,,,,,,1,D B 146895x12,cancelamento,True,True,True,True
det_cancelamento,12:04:21.179,34666726,ask,1,146880.0,146885.0,370,3,146880.0,146890.0,370,359,1,False,False,0,1,,,,,,1,D S 146885x3,cancelamento,True,True,True,True
det_cancelamento,13:29:48.068,37663416,bid,1,146785.0,146790.0,12,397,146780.0,146790.0,481,397,1,False,False,0,1,,,,,,1,D B 146785x12,cancelamento,True,True,False,True
det_cancelamento,13:52:51.472,38275129,bid,1,146915.0,146920.0,1,487,146910.0,146920.0,888,487,1,False,False,0,1,,,,,,1,D B 146915x1,cancelamento,True,True,False,True
det_cancelamento,15:32:26.729,40989743,ask,1,146850.0,146855.0,432,6,146850.0,146860.0,432,785,1,False,False,0,1,,,,,,1,D S 146855x6,cancelamento,True,True,True,True
det_cancelamento,16:42:16.017,42559688,ask,1,146960.0,146965.0,529,3,146960.0,146970.0,529,1039,1,False,False,0,1,,,,,,1,D S 146965x3,cancelamento,True,True,True,True
det_cancelamento,16:55:25.833,43019220,ask,1,147220.0,147225.0,495,12,147220.0,147230.0,495,512,1,False,False,0,1,,,,,,1,D S 147225x12,cancelamento,True,False,True,True
det_cancelamento,17:00:47.393,43277050,bid,1,147160.0,147165.0,19,829,147155.0,147165.0,301,829,1,False,False,0,1,,,,,,1,D B 147160x19,cancelamento,True,True,True,True
det_cancelamento,17:03:04.132,43366466,bid,1,147195.0,147200.0,6,597,147190.0,147200.0,321,597,1,False,False,0,1,,,,,,1,D B 147195x6,cancelamento,True,True,True,True
det_cancelamento,17:06:20.963,43470190,ask,1,147080.0,147085.0,386,2,147080.0,147090.0,386,545,1,False,False,0,1,,,,,,1,D S 147085x2,cancelamento,True,True,False,True
det_cancelamento,17:59:54.130,44140419,ask,1,147125.0,147130.0,341,10,147125.0,147135.0,341,16,1,False,False,0,1,,,,,,1,D S 147130x10,cancelamento,True,True,True,True
