id,diagnostico,nivel,valor,ic95_inf,ic95_sup,N,referencia_artigo,limiar,cruzou_limiar,obs
D2,R² de qid_R em (1−θ)/(1+θ),diario,0.832417992431383,,,12,Não reportado,"R² > 0,80",True,"especificação: QID^R; N=12 pregões, IC por bootstrap não informativo (omitido); inclinação=0.322"
D2,R² de qid_A em (1−θ)/(1+θ),diario,0.9852039054681776,,,12,Não reportado,"R² > 0,80",True,"adicional: QID^A (onde a identidade é exata se #Impr=#Deter); N=12 pregões, IC por bootstrap não informativo (omitido); inclinação=1.039"
D2,#Impr / #Deter (premissa da identidade),diario,1.0045951490361025,1.0030719328059798,1.0063162310649767,12,Não reportado,"R² > 0,80",False,descritivo; sem limiar
D2,R² de qid_R em (1−θ)/(1+θ),5min,0.3562635623980144,0.2390638910698231,0.4777892209911118,1269,Não reportado,"R² > 0,80",False,especificação: QID^R; inclinação=0.245
D2,R² de qid_A em (1−θ)/(1+θ),5min,0.9555207769471452,0.9159195156420252,0.9776638741926592,1269,Não reportado,"R² > 0,80",True,adicional: QID^A (onde a identidade é exata se #Impr=#Deter); inclinação=0.964
D2,#Impr / #Deter (premissa da identidade),5min,1.0029312620467732,1.002532432369355,1.0033259071497684,1269,Não reportado,"R² > 0,80",False,descritivo; sem limiar
D3,"fração undercut, W=100 ms",amostra,0.004722484453609,0.0040175992274711,0.0055331941334867,1724516,Não reportado,undercut < 10% das melhorias (W = 1 s),False,limiar aplicado só a undercut com W=1 s
D3,"fração recomposicao, W=100 ms",amostra,0.6763654265892575,0.6584921122459837,0.6922910665147346,1724516,Não reportado,undercut < 10% das melhorias (W = 1 s),False,descritivo
D3,"fração deslocamento, W=100 ms",amostra,0.3189120889571334,0.3035669163577307,0.336011399870911,1724516,Não reportado,undercut < 10% das melhorias (W = 1 s),False,descritivo
D3,"fração undercut, W=1000 ms",amostra,0.0002046951144553,0.0001326005903329,0.0003135390003351,1724516,Não reportado,undercut < 10% das melhorias (W = 1 s),True,limiar aplicado só a undercut com W=1 s
D3,"fração recomposicao, W=1000 ms",amostra,0.8373097147257549,0.8232857560962185,0.850121776819472,1724516,Não reportado,undercut < 10% das melhorias (W = 1 s),False,descritivo
D3,"fração deslocamento, W=1000 ms",amostra,0.1624855901597897,0.1496380149333021,0.1769897874850927,1724516,Não reportado,undercut < 10% das melhorias (W = 1 s),False,descritivo
D3,"fração undercut, W=5000 ms",amostra,0.0,0.0,0.0,1724516,Não reportado,undercut < 10% das melhorias (W = 1 s),False,limiar aplicado só a undercut com W=1 s
D3,"fração recomposicao, W=5000 ms",amostra,0.9209279589171686,0.913459020216548,0.927517760348842,1724516,Não reportado,undercut < 10% das melhorias (W = 1 s),False,descritivo
D3,"fração deslocamento, W=5000 ms",amostra,0.0790720410828313,0.0724189138962624,0.0867236635545237,1724516,Não reportado,undercut < 10% das melhorias (W = 1 s),False,descritivo
D4,frac_1tick (média),diario,0.9888698322571592,0.9867502819772824,0.9910753805897382,12,Corridas em ações restritas começam com spread ~2¢ (Fig. 3),"frac_1tick médio > 0,95",True,"p5/p50/p95 = [0.9834, 0.9887, 0.9936]"
D4,spread_tw_ticks (média),diario,1.011609933810352,1.0094598925864111,1.0137661455593263,12,Corridas em ações restritas começam com spread ~2¢ (Fig. 3),"frac_1tick médio > 0,95",False,"p5/p50/p95 = [1.0065, 1.0121, 1.017]"
D4,frac_1tick (média),5min,0.9888978644602048,0.986675133832414,0.991051912735849,1269,Corridas em ações restritas começam com spread ~2¢ (Fig. 3),"frac_1tick médio > 0,95",True,"p5/p50/p95 = [0.9611, 0.9953, 0.9991]"
D4,spread_tw_ticks (média),5min,1.011576769109535,1.0094147495274326,1.0136885703058,1269,Corridas em ações restritas começam com spread ~2¢ (Fig. 3),"frac_1tick médio > 0,95",False,"p5/p50/p95 = [1.0009, 1.0048, 1.039]"
D5,share_1tick_impr (média diária),diario,0.9917308165167938,0.9880300524062822,0.9945268123583316,12,"0,80 (Tabela 1, NBB)","share_1tick_impr ≥ 0,95 E share_1tick_det_trade ≥ 0,95",True,"alerta exige as duas ≥ 0,95"
D5,share_1tick_det_trade (média diária),diario,0.9885687498343492,0.9845556597425626,0.9917839038260928,12,"0,59 (Tabela 1, NBB)","share_1tick_impr ≥ 0,95 E share_1tick_det_trade ≥ 0,95",True,"alerta exige as duas ≥ 0,95"
D6,média de qid_R,diario,0.0215807115626436,0.0193787482698832,0.0237047388763434,12,"Média 0,61; mediana 0,63; 0,05% negativos (Tabela 1)","|média do QID^R| < 0,10 OU > 10% dos períodos com QID^R < 0",True,mediana=0.0216; % negativos=0.00%; ausentes=0
D6,média de qid_A,diario,0.0918384501038661,0.0852556684591088,0.0979827319560411,12,Não se aplica,"|média do QID^R| < 0,10 OU > 10% dos períodos com QID^R < 0",False,mediana=0.0897; % negativos=0.00%; ausentes=0; limiar só para QID^R
D6,média de qid_U,diario,-0.9994610404865094,-0.9996654534497738,-0.9991924316791206,12,Não se aplica,"|média do QID^R| < 0,10 OU > 10% dos períodos com QID^R < 0",False,mediana=-0.9996; % negativos=100.00%; ausentes=0; limiar só para QID^R
D6,média de qid_R,5min,0.0205321591703416,0.0187820331886112,0.0223001571978189,1269,"Média 0,61; mediana 0,63; 0,05% negativos (Tabela 1)","|média do QID^R| < 0,10 OU > 10% dos períodos com QID^R < 0",True,mediana=0.0198; % negativos=0.08%; ausentes=0
D6,média de qid_A,5min,0.0906710010074825,0.0847166192002731,0.0965551896868151,1269,Não se aplica,"|média do QID^R| < 0,10 OU > 10% dos períodos com QID^R < 0",False,mediana=0.0899; % negativos=0.00%; ausentes=0; limiar só para QID^R
D6,média de qid_U,5min,-0.9978616173424468,-0.9986132144401448,-0.9969835958631356,1269,Não se aplica,"|média do QID^R| < 0,10 OU > 10% dos períodos com QID^R < 0",False,mediana=-1.0000; % negativos=100.00%; ausentes=0; limiar só para QID^R
D7,concordância R 10 ms × A (execução),amostra,0.8732045243800017,0.8661195406133861,0.8800380870070037,1715771,Mediana de 5 ms entre negócio e deterioração (seção 3.1),concordância < 90%,True,"tabela [R; A]: {""R=False,A=False"": 65529, ""R=False,A=True"": 0, ""R=True,A=False"": 217552, ""R=True,A=True"": 1432690}"
D7,concordância R 10 ms sem RLP × A (execução),amostra,0.8745817477973459,0.8676922105867821,0.8814870560879867,1715771,Mediana de 5 ms entre negócio e deterioração (seção 3.1),concordância < 90%,True,"tabela [R; A]: {""R=False,A=False"": 67892, ""R=False,A=True"": 0, ""R=True,A=False"": 215189, ""R=True,A=True"": 1432690}"
D7,concordância R 1 ms × A (execução),amostra,0.87607786820036,0.8695089971401033,0.8825944268950856,1715771,Mediana de 5 ms entre negócio e deterioração (seção 3.1),concordância < 90%,True,"tabela [R; A]: {""R=False,A=False"": 70459, ""R=False,A=True"": 0, ""R=True,A=False"": 212622, ""R=True,A=True"": 1432690}"
D8,R² e b do passo 1 [qid_R|base] semana 2025-09-15,hora,0.4880558582115623,,,50,"R² 47,35% (Fig. E.1, entre ações)","R² < 0,05 OU sinal de b diferente entre semanas",False,b=0.2247 (EP 0.0475); S(QID)=0.004366; status=ok; R² inclui os efeitos fixos de horário
D8,R² e b do passo 1 [qid_R|base] semana 2025-09-22,hora,0.8508414620892492,,,50,"R² 47,35% (Fig. E.1, entre ações)","R² < 0,05 OU sinal de b diferente entre semanas",False,b=0.379 (EP 0.0306); S(QID)=0.01582; status=ok; R² inclui os efeitos fixos de horário
D8,R² e b do passo 1 [qid_R|base] semana 2025-09-29,hora,0.5187738400307412,,,20,"R² 47,35% (Fig. E.1, entre ações)","R² < 0,05 OU sinal de b diferente entre semanas",False,b=0.3044 (EP 0.455); S(QID)=0.005237; status=ok; R² inclui os efeitos fixos de horário
D8,R² e b do passo 1 [qid_A|base] semana 2025-09-15,hora,0.6612441713062633,,,50,"R² 47,35% (Fig. E.1, entre ações)","R² < 0,05 OU sinal de b diferente entre semanas",False,b=0.4131 (EP 0.14); S(QID)=0.01576; status=ok; R² inclui os efeitos fixos de horário
D8,R² e b do passo 1 [qid_A|base] semana 2025-09-22,hora,0.4924813169870098,,,50,"R² 47,35% (Fig. E.1, entre ações)","R² < 0,05 OU sinal de b diferente entre semanas",False,b=0.4519 (EP 0.0757); S(QID)=0.02118; status=ok; R² inclui os efeitos fixos de horário
D8,R² e b do passo 1 [qid_A|base] semana 2025-09-29,hora,0.4598336955955805,,,20,"R² 47,35% (Fig. E.1, entre ações)","R² < 0,05 OU sinal de b diferente entre semanas",False,b=1.101 (EP 1.62); S(QID)=0.01763; status=ok; R² inclui os efeitos fixos de horário
D8,R² e b do passo 1 [qid_U|base] semana 2025-09-15,hora,0.7595061488335997,,,50,"R² 47,35% (Fig. E.1, entre ações)","R² < 0,05 OU sinal de b diferente entre semanas",False,b=0.008062 (EP 0.0321); S(QID)=0.004299; status=ok; R² inclui os efeitos fixos de horário
D8,R² e b do passo 1 [qid_U|base] semana 2025-09-22,hora,0.385476650177907,,,50,"R² 47,35% (Fig. E.1, entre ações)","R² < 0,05 OU sinal de b diferente entre semanas",False,b=0.01608 (EP 0.0279); S(QID)=0.007097; status=ok; R² inclui os efeitos fixos de horário
D8,R² e b do passo 1 [qid_U|base] semana 2025-09-29,hora,0.9058572766829632,,,20,"R² 47,35% (Fig. E.1, entre ações)","R² < 0,05 OU sinal de b diferente entre semanas",False,b=0.7739 (EP 0.251); S(QID)=0.006528; status=ok; R² inclui os efeitos fixos de horário
D8,R² e b do passo 1 [bqid_R|base] semana 2025-09-15,hora,0.3807451752319974,,,50,"R² 47,35% (Fig. E.1, entre ações)","R² < 0,05 OU sinal de b diferente entre semanas",False,b=0.3266 (EP 0.0985); S(QID)=0.008225; status=ok; R² inclui os efeitos fixos de horário
D8,R² e b do passo 1 [bqid_R|base] semana 2025-09-22,hora,0.7898543701485455,,,50,"R² 47,35% (Fig. E.1, entre ações)","R² < 0,05 OU sinal de b diferente entre semanas",False,b=0.3569 (EP 0.0352); S(QID)=0.0153; status=ok; R² inclui os efeitos fixos de horário
D8,R² e b do passo 1 [bqid_R|base] semana 2025-09-29,hora,0.509485686628445,,,20,"R² 47,35% (Fig. E.1, entre ações)","R² < 0,05 OU sinal de b diferente entre semanas",False,b=0.2225 (EP 0.719); S(QID)=0.008194; status=ok; R² inclui os efeitos fixos de horário
D8,R² e b do passo 1 [aqid_R|base] semana 2025-09-15,hora,0.2914512187361099,,,50,"R² 47,35% (Fig. E.1, entre ações)","R² < 0,05 OU sinal de b diferente entre semanas",False,b=0.1261 (EP 0.134); S(QID)=0.01045; status=ok; R² inclui os efeitos fixos de horário
D8,R² e b do passo 1 [aqid_R|base] semana 2025-09-22,hora,0.8136403202801736,,,50,"R² 47,35% (Fig. E.1, entre ações)","R² < 0,05 OU sinal de b diferente entre semanas",False,b=0.4037 (EP 0.0383); S(QID)=0.01767; status=ok; R² inclui os efeitos fixos de horário
D8,R² e b do passo 1 [aqid_R|base] semana 2025-09-29,hora,0.6455374777677421,,,20,"R² 47,35% (Fig. E.1, entre ações)","R² < 0,05 OU sinal de b diferente entre semanas",False,b=0.3539 (EP 0.448); S(QID)=0.006005; status=ok; R² inclui os efeitos fixos de horário
D8,R² e b do passo 1 [qid_R_semrlp|base] semana 2025-09-15,hora,0.4997319525425355,,,50,"R² 47,35% (Fig. E.1, entre ações)","R² < 0,05 OU sinal de b diferente entre semanas",False,b=0.2433 (EP 0.0487); S(QID)=0.00452; status=ok; R² inclui os efeitos fixos de horário
D8,R² e b do passo 1 [qid_R_semrlp|base] semana 2025-09-22,hora,0.8484878800436966,,,50,"R² 47,35% (Fig. E.1, entre ações)","R² < 0,05 OU sinal de b diferente entre semanas",False,b=0.3808 (EP 0.031); S(QID)=0.01586; status=ok; R² inclui os efeitos fixos de horário
D8,R² e b do passo 1 [qid_R_semrlp|base] semana 2025-09-29,hora,0.5083718756080939,,,20,"R² 47,35% (Fig. E.1, entre ações)","R² < 0,05 OU sinal de b diferente entre semanas",False,b=0.3084 (EP 0.472); S(QID)=0.005367; status=ok; R² inclui os efeitos fixos de horário
D8,R² e b do passo 1 [qid_R2|base] semana 2025-09-15,hora,0.570187634020803,,,50,"R² 47,35% (Fig. E.1, entre ações)","R² < 0,05 OU sinal de b diferente entre semanas",False,b=0.3446 (EP 0.0756); S(QID)=0.007581; status=ok; R² inclui os efeitos fixos de horário
D8,R² e b do passo 1 [qid_R2|base] semana 2025-09-22,hora,0.7005124021673534,,,50,"R² 47,35% (Fig. E.1, entre ações)","R² < 0,05 OU sinal de b diferente entre semanas",False,b=0.4357 (EP 0.05); S(QID)=0.01821; status=ok; R² inclui os efeitos fixos de horário
D8,R² e b do passo 1 [qid_R2|base] semana 2025-09-29,hora,0.2248045388204291,,,20,"R² 47,35% (Fig. E.1, entre ações)","R² < 0,05 OU sinal de b diferente entre semanas",False,b=0.5121 (EP 0.978); S(QID)=0.008864; status=ok; R² inclui os efeitos fixos de horário
D8,R² e b do passo 1 [qid_R_1ms|1ms] semana 2025-09-15,hora,0.4952447131106297,,,50,"R² 47,35% (Fig. E.1, entre ações)","R² < 0,05 OU sinal de b diferente entre semanas",False,b=0.2467 (EP 0.0505); S(QID)=0.004669; status=ok; R² inclui os efeitos fixos de horário
D8,R² e b do passo 1 [qid_R_1ms|1ms] semana 2025-09-22,hora,0.8520244988462027,,,50,"R² 47,35% (Fig. E.1, entre ações)","R² < 0,05 OU sinal de b diferente entre semanas",False,b=0.4046 (EP 0.0328); S(QID)=0.01699; status=ok; R² inclui os efeitos fixos de horário
D8,R² e b do passo 1 [qid_R_1ms|1ms] semana 2025-09-29,hora,0.4669211201779544,,,20,"R² 47,35% (Fig. E.1, entre ações)","R² < 0,05 OU sinal de b diferente entre semanas",False,b=0.3031 (EP 0.529); S(QID)=0.005783; status=ok; R² inclui os efeitos fixos de horário
D9,DP QIDres [aqid_R|Frac1],hora,1.2898810823405435,0.460954437682613,2.0553397743903066,70,"Média 0,08; DP 1,54 (Tabela 1)","DP > 2,0 OU |AR(1)| > 0,3",False,média=0.055; assimetria=-5.854; AR(1) dentro do dia=0.123 (N pares=63)
D9,DP QIDres [aqid_R|MC],hora,1.212696052039936,0.5255610288492171,1.868463062232908,70,"Média 0,08; DP 1,54 (Tabela 1)","DP > 2,0 OU |AR(1)| > 0,3",False,média=0.038; assimetria=-5.106; AR(1) dentro do dia=-0.026 (N pares=63)
D9,DP QIDres [aqid_R|Rolling],hora,2.4663943748899904,0.4464680330856703,4.149642136262194,75,"Média 0,08; DP 1,54 (Tabela 1)","DP > 2,0 OU |AR(1)| > 0,3",True,média=-0.187; assimetria=-7.778; AR(1) dentro do dia=-0.066 (N pares=67)
D9,DP QIDres [aqid_R|Winsor],hora,0.6604191066471575,0.4442083710582973,0.817042569118473,70,"Média 0,08; DP 1,54 (Tabela 1)","DP > 2,0 OU |AR(1)| > 0,3",False,média=0.087; assimetria=-0.239; AR(1) dentro do dia=0.246 (N pares=63)
D9,DP QIDres [aqid_R|base],hora,0.9931575819394682,0.4311998771288485,1.4969484491110363,70,"Média 0,08; DP 1,54 (Tabela 1)","DP > 2,0 OU |AR(1)| > 0,3",False,média=0.031; assimetria=-4.120; AR(1) dentro do dia=0.231 (N pares=63)
D10,"ρ(QIDres [aqid_R|base], pct_spread_tw)",hora,-0.6583234643334825,-0.9185657637152036,0.3487135878106294,70,"Próxima de zero (Tabela 1, Painel B)","|ρ| > 0,3",True,
D10,"ρ(QIDres [aqid_R|base], volume)",hora,0.0044702094995399,-0.3419051783710042,0.2161768098043267,70,"Próxima de zero (Tabela 1, Painel B)","|ρ| > 0,3",False,
D10,"ρ(QIDres [aqid_R|base], qvol)",hora,-0.6802101231424984,-0.913596405194106,0.0002226718689976,70,"Próxima de zero (Tabela 1, Painel B)","|ρ| > 0,3",True,
D9,DP QIDres [bqid_R|Frac1],hora,1.323033707632294,0.658621744769407,1.952997812117504,70,"Média 0,08; DP 1,54 (Tabela 1)","DP > 2,0 OU |AR(1)| > 0,3",True,média=0.057; assimetria=-3.953; AR(1) dentro do dia=0.346 (N pares=63)
D9,DP QIDres [bqid_R|MC],hora,0.9470985409748728,0.6439256257430866,1.195428501928908,70,"Média 0,08; DP 1,54 (Tabela 1)","DP > 2,0 OU |AR(1)| > 0,3",True,média=0.111; assimetria=-1.277; AR(1) dentro do dia=0.311 (N pares=63)
D9,DP QIDres [bqid_R|Rolling],hora,1.0068913656602323,0.5813878024191531,1.4790518221509863,75,"Média 0,08; DP 1,54 (Tabela 1)","DP > 2,0 OU |AR(1)| > 0,3",False,média=-0.046; assimetria=-3.749; AR(1) dentro do dia=0.225 (N pares=67)
D9,DP QIDres [bqid_R|Winsor],hora,0.8617957571822202,0.6237567485644805,0.9944635475216508,70,"Média 0,08; DP 1,54 (Tabela 1)","DP > 2,0 OU |AR(1)| > 0,3",True,média=-0.005; assimetria=-0.226; AR(1) dentro do dia=0.324 (N pares=63)
D9,DP QIDres [bqid_R|base],hora,0.8824815102565879,0.647036890966597,1.0347046084335811,70,"Média 0,08; DP 1,54 (Tabela 1)","DP > 2,0 OU |AR(1)| > 0,3",True,média=-0.010; assimetria=-0.325; AR(1) dentro do dia=0.338 (N pares=63)
D10,"ρ(QIDres [bqid_R|base], pct_spread_tw)",hora,-0.3568062833565996,-0.5770197767294969,0.0120652161920404,70,"Próxima de zero (Tabela 1, Painel B)","|ρ| > 0,3",True,
D10,"ρ(QIDres [bqid_R|base], volume)",hora,0.2572674911553623,0.1046529053105473,0.4350557899772319,70,"Próxima de zero (Tabela 1, Painel B)","|ρ| > 0,3",False,
D10,"ρ(QIDres [bqid_R|base], qvol)",hora,-0.204486741414186,-0.4932221078411168,0.3484077334551081,70,"Próxima de zero (Tabela 1, Painel B)","|ρ| > 0,3",False,
D9,DP QIDres [qid_A|Frac1],hora,1.2940906566129728,0.7279546569382668,1.8233724792574404,70,"Média 0,08; DP 1,54 (Tabela 1)","DP > 2,0 OU |AR(1)| > 0,3",True,média=0.192; assimetria=-3.439; AR(1) dentro do dia=0.452 (N pares=63)
D9,DP QIDres [qid_A|MC],hora,1.3556526640822597,0.671579583604228,1.9864678584753592,70,"Média 0,08; DP 1,54 (Tabela 1)","DP > 2,0 OU |AR(1)| > 0,3",True,média=0.161; assimetria=-3.955; AR(1) dentro do dia=0.421 (N pares=63)
D9,DP QIDres [qid_A|Rolling],hora,1.78354428846288,0.7270225061006335,2.7913338833770247,75,"Média 0,08; DP 1,54 (Tabela 1)","DP > 2,0 OU |AR(1)| > 0,3",False,média=-0.035; assimetria=-5.933; AR(1) dentro do dia=0.182 (N pares=67)
D9,DP QIDres [qid_A|Winsor],hora,0.9254549295786156,0.6995976900093325,1.0515459272978414,70,"Média 0,08; DP 1,54 (Tabela 1)","DP > 2,0 OU |AR(1)| > 0,3",True,média=0.169; assimetria=0.009; AR(1) dentro do dia=0.610 (N pares=63)
D9,DP QIDres [qid_A|base],hora,0.951526806742191,0.7050165745470252,1.0915939277945326,70,"Média 0,08; DP 1,54 (Tabela 1)","DP > 2,0 OU |AR(1)| > 0,3",True,média=0.167; assimetria=-0.020; AR(1) dentro do dia=0.597 (N pares=63)
D10,"ρ(QIDres [qid_A|base], pct_spread_tw)",hora,-0.2224440564646628,-0.4725444571974508,0.2584447603391774,70,"Próxima de zero (Tabela 1, Painel B)","|ρ| > 0,3",False,
D10,"ρ(QIDres [qid_A|base], volume)",hora,0.1713929605952767,0.0551874229652002,0.3413930933827852,70,"Próxima de zero (Tabela 1, Painel B)","|ρ| > 0,3",False,
D10,"ρ(QIDres [qid_A|base], qvol)",hora,-0.2093356357870037,-0.4555011135751997,0.2669473817489237,70,"Próxima de zero (Tabela 1, Painel B)","|ρ| > 0,3",False,
D9,DP QIDres [qid_R2|base],hora,1.2571882563554264,0.771920437295745,1.5591865779737455,70,"Média 0,08; DP 1,54 (Tabela 1)","DP > 2,0 OU |AR(1)| > 0,3",True,média=0.183; assimetria=-0.499; AR(1) dentro do dia=0.547 (N pares=63)
D10,"ρ(QIDres [qid_R2|base], pct_spread_tw)",hora,-0.3886129550399364,-0.7091277904913788,0.2373578849107199,70,"Próxima de zero (Tabela 1, Painel B)","|ρ| > 0,3",True,
D10,"ρ(QIDres [qid_R2|base], volume)",hora,0.1198166347261228,0.0055758875708212,0.299448873414624,70,"Próxima de zero (Tabela 1, Painel B)","|ρ| > 0,3",False,
D10,"ρ(QIDres [qid_R2|base], qvol)",hora,-0.3592843877058626,-0.6486390304332943,0.1518667748814592,70,"Próxima de zero (Tabela 1, Painel B)","|ρ| > 0,3",True,
D9,DP QIDres [qid_R_1ms|1ms],hora,1.6213707334050886,0.719363922824704,2.359143820003436,70,"Média 0,08; DP 1,54 (Tabela 1)","DP > 2,0 OU |AR(1)| > 0,3",True,média=-0.020; assimetria=-3.722; AR(1) dentro do dia=0.425 (N pares=63)
D9,DP QIDres [qid_R_semrlp|base],hora,1.520289457170085,0.6998296495348687,2.1704184728525853,70,"Média 0,08; DP 1,54 (Tabela 1)","DP > 2,0 OU |AR(1)| > 0,3",True,média=0.044; assimetria=-3.093; AR(1) dentro do dia=0.474 (N pares=63)
D10,"ρ(QIDres [qid_R_semrlp|base], pct_spread_tw)",hora,-0.626588352087785,-0.8918347509978755,0.2723593363633356,70,"Próxima de zero (Tabela 1, Painel B)","|ρ| > 0,3",True,
D10,"ρ(QIDres [qid_R_semrlp|base], volume)",hora,0.1105069151984313,-0.0547825767921609,0.2743458685338469,70,"Próxima de zero (Tabela 1, Painel B)","|ρ| > 0,3",False,
D10,"ρ(QIDres [qid_R_semrlp|base], qvol)",hora,-0.5829033067478786,-0.8424408359465463,0.072056660806366,70,"Próxima de zero (Tabela 1, Painel B)","|ρ| > 0,3",True,
D9,DP QIDres [qid_R|Frac1],hora,2.56496517943291,0.6716206924523885,4.167821082196418,70,"Média 0,08; DP 1,54 (Tabela 1)","DP > 2,0 OU |AR(1)| > 0,3",True,média=0.080; assimetria=-6.522; AR(1) dentro do dia=0.358 (N pares=63)
D9,DP QIDres [qid_R|MC],hora,1.972572225079475,0.6795433987027847,3.0865871058562004,70,"Média 0,08; DP 1,54 (Tabela 1)","DP > 2,0 OU |AR(1)| > 0,3",True,média=0.122; assimetria=-5.480; AR(1) dentro do dia=0.321 (N pares=63)
D9,DP QIDres [qid_R|Rolling],hora,2.8311797550887765,0.4853030456369205,4.722511594768377,75,"Média 0,08; DP 1,54 (Tabela 1)","DP > 2,0 OU |AR(1)| > 0,3",True,média=-0.294; assimetria=-7.772; AR(1) dentro do dia=0.136 (N pares=67)
D9,DP QIDres [qid_R|Winsor],hora,1.1364762683973746,0.7015657727763324,1.4299154801845233,70,"Média 0,08; DP 1,54 (Tabela 1)","DP > 2,0 OU |AR(1)| > 0,3",True,média=0.088; assimetria=-1.029; AR(1) dentro do dia=0.511 (N pares=63)
D9,DP QIDres [qid_R|base],hora,1.6347015949410029,0.6987997780192831,2.430527333768843,70,"Média 0,08; DP 1,54 (Tabela 1)","DP > 2,0 OU |AR(1)| > 0,3",True,média=0.025; assimetria=-3.691; AR(1) dentro do dia=0.461 (N pares=63)
D10,"ρ(QIDres [qid_R|base], pct_spread_tw)",hora,-0.6670483775427133,-0.9002357189432928,0.2727010262206916,70,"Próxima de zero (Tabela 1, Painel B)","|ρ| > 0,3",True,
D10,"ρ(QIDres [qid_R|base], volume)",hora,0.1162312094094273,-0.05416829480461,0.2758307108177885,70,"Próxima de zero (Tabela 1, Painel B)","|ρ| > 0,3",False,
D10,"ρ(QIDres [qid_R|base], qvol)",hora,-0.6098982629938164,-0.8663853181588967,0.09404518711052,70,"Próxima de zero (Tabela 1, Painel B)","|ρ| > 0,3",True,
D9,DP QIDres [qid_U|Frac1],hora,1.089987694084561,0.5229983313400006,1.6344917682587026,70,"Média 0,08; DP 1,54 (Tabela 1)","DP > 2,0 OU |AR(1)| > 0,3",fracamente identificada,média=-0.082; assimetria=-3.361; AR(1) dentro do dia=0.584 (N pares=63); QID^U degenerado: maioria dos períodos sem undercut
D9,DP QIDres [qid_U|MC],hora,1.1918328565298673,0.5037418491129505,1.6794563817100037,70,"Média 0,08; DP 1,54 (Tabela 1)","DP > 2,0 OU |AR(1)| > 0,3",fracamente identificada,média=-0.138; assimetria=-3.341; AR(1) dentro do dia=0.206 (N pares=63); QID^U degenerado: maioria dos períodos sem undercut
D9,DP QIDres [qid_U|Rolling],hora,2.024499691170237,0.535680345975946,3.2434917484675143,75,"Média 0,08; DP 1,54 (Tabela 1)","DP > 2,0 OU |AR(1)| > 0,3",fracamente identificada,média=-0.133; assimetria=-5.553; AR(1) dentro do dia=0.289 (N pares=67); QID^U degenerado: maioria dos períodos sem undercut
D9,DP QIDres [qid_U|Winsor],hora,1.0678124408530132,0.4479438436607603,1.6550918519034654,70,"Média 0,08; DP 1,54 (Tabela 1)","DP > 2,0 OU |AR(1)| > 0,3",fracamente identificada,média=-0.085; assimetria=-3.962; AR(1) dentro do dia=0.632 (N pares=63); QID^U degenerado: maioria dos períodos sem undercut
D9,DP QIDres [qid_U|base],hora,1.125946674874324,0.4519181780356185,1.7513891822289231,70,"Média 0,08; DP 1,54 (Tabela 1)","DP > 2,0 OU |AR(1)| > 0,3",fracamente identificada,média=-0.090; assimetria=-4.059; AR(1) dentro do dia=0.609 (N pares=63); QID^U degenerado: maioria dos períodos sem undercut
D10,"ρ(QIDres [qid_U|base], pct_spread_tw)",hora,-0.073057222983842,-0.8199094225940702,0.6901539387909117,70,"Próxima de zero (Tabela 1, Painel B)","|ρ| > 0,3",fracamente identificada,; QID^U degenerado: maioria dos períodos sem undercut
D10,"ρ(QIDres [qid_U|base], volume)",hora,0.1105518645937712,-0.5135881227694927,0.3512928258228695,70,"Próxima de zero (Tabela 1, Painel B)","|ρ| > 0,3",fracamente identificada,; QID^U degenerado: maioria dos períodos sem undercut
D10,"ρ(QIDres [qid_U|base], qvol)",hora,0.2295206029852004,-0.1333982539468996,0.5169145713296257,70,"Próxima de zero (Tabela 1, Painel B)","|ρ| > 0,3",fracamente identificada,; QID^U degenerado: maioria dos períodos sem undercut
D11,"ρ(qid_R|base, qid_A|base)",hora,0.7527128082057278,0.6481173199820013,0.8939511343125891,70,Não se aplica,"ρ(QIDres^R, QIDres^U) < 0,5",False,
D11,"ρ(qid_R|base, qid_U|base)",hora,-0.2653645157088655,-0.59135893339165,0.2774626429307145,70,Não se aplica,"ρ(QIDres^R, QIDres^U) < 0,5",fracamente identificada,; QID^U degenerado: maioria dos períodos sem undercut
D11,"ρ(qid_A|base, qid_U|base)",hora,-0.2302323243142973,-0.4717120528674762,0.1362584399396831,70,Não se aplica,"ρ(QIDres^R, QIDres^U) < 0,5",fracamente identificada,; QID^U degenerado: maioria dos períodos sem undercut
