nivel,qidres_auditoria,medida_anterior,N,n_dias,pearson,ic95_inf,ic95_sup,spearman,status,obs
5min,aqid_R [intra_oos],qid_res da tese (5 min),739,7,0.05137030560992127,0.010750335369504484,0.09281427057319848,0.035584143501896565,ok,
5min,aqid_R [intra_oos],qid_signed / H1 (5 min),732,7,0.2968290800422292,0.22052888306220328,0.3709463737592514,0.32533666687032653,ok,
5min,aqid_R [intra_oos],"FQCR / H2, P2a (5 min)",732,7,-0.6702761576806701,-0.703088918871817,-0.6435392644199567,-0.7600951721180987,ok,
5min,aqid_R [intra_oos],BQCR / H2 (5 min),732,7,0.23582787688628895,0.17395203673977058,0.2837034015180191,0.25707596186567966,ok,
5min,aqid_R [intra_oos],AggCancel / H2 (5 min),732,7,-0.5330706047311067,-0.6228983482530869,-0.48144146820310213,-0.58566780203262,ok,
5min,aqid_R [intra_oos],QCR / spec 2.4 (5 min),732,7,-0.6997365356031464,-0.7397358186086007,-0.6644783090448109,-0.7739266603300582,ok,
5min,aqid_R [intra_spec],qid_res da tese (5 min),739,7,0.04631119859746109,0.02282757288072371,0.06991925823599993,0.04050248142462407,ok,
5min,aqid_R [intra_spec],qid_signed / H1 (5 min),732,7,0.31980375577887243,0.2657595754593335,0.3853748041605005,0.35163927236431725,ok,
5min,aqid_R [intra_spec],"FQCR / H2, P2a (5 min)",732,7,-0.7097829883227469,-0.743351176058186,-0.683471320113249,-0.8090437437393305,ok,
5min,aqid_R [intra_spec],BQCR / H2 (5 min),732,7,0.2396405095142018,0.1806531342211586,0.2932107050613379,0.2599710027806772,ok,
5min,aqid_R [intra_spec],AggCancel / H2 (5 min),732,7,-0.5772560777150417,-0.6448792028705924,-0.5305154326143245,-0.6388217322682683,ok,
5min,aqid_R [intra_spec],QCR / spec 2.4 (5 min),732,7,-0.7352657441127654,-0.7668093309626676,-0.7041794059588758,-0.8209474177045804,ok,
5min,bqid_R [intra_oos],qid_res da tese (5 min),739,7,0.0008745634334329782,-0.10955657826095007,0.10476796540934094,0.024708632194027753,ok,
5min,bqid_R [intra_oos],qid_signed / H1 (5 min),732,7,-0.3039661887518528,-0.4033829961486775,-0.18937662753045637,-0.3017916088818539,ok,
5min,bqid_R [intra_oos],"FQCR / H2, P2a (5 min)",732,7,0.6733771092773119,0.6398355039861713,0.7109672724990859,0.7460284092468387,ok,
5min,bqid_R [intra_oos],BQCR / H2 (5 min),732,7,-0.13399699417347394,-0.24474362972973143,-0.014626510126359998,-0.15253621034570292,ok,
5min,bqid_R [intra_oos],AggCancel / H2 (5 min),732,7,0.5961612379781035,0.5403914381382183,0.6568529230408213,0.6260424939077172,ok,
5min,bqid_R [intra_oos],QCR / spec 2.4 (5 min),732,7,0.6869769599712352,0.6384383940004053,0.7345685427952886,0.7494282351558287,ok,
5min,bqid_R [intra_spec],qid_res da tese (5 min),739,7,-0.0017596594457240323,-0.09811121349399643,0.09798166540625458,0.001046536486650022,ok,
5min,bqid_R [intra_spec],qid_signed / H1 (5 min),732,7,-0.34108036652977125,-0.4169871993491915,-0.2726211745642917,-0.3298494428809269,ok,
5min,bqid_R [intra_spec],"FQCR / H2, P2a (5 min)",732,7,0.7241365507035036,0.6948517575910992,0.7612461474615481,0.8025206084845181,ok,
5min,bqid_R [intra_spec],BQCR / H2 (5 min),732,7,-0.17997807160112952,-0.25738703097272614,-0.09722953677550004,-0.19111020971783468,ok,
5min,bqid_R [intra_spec],AggCancel / H2 (5 min),732,7,0.6262559474039239,0.5758608506405988,0.6803668851063068,0.6651592465251018,ok,
5min,bqid_R [intra_spec],QCR / spec 2.4 (5 min),732,7,0.7323978762434212,0.6989911964969636,0.7707897731411134,0.8068379137801285,ok,
5min,qid_A [intra_oos],qid_res da tese (5 min),739,7,0.172935740695811,-0.007691599341210267,0.3205318846367863,0.15951559665543627,ok,
5min,qid_A [intra_oos],qid_signed / H1 (5 min),732,7,0.0025850173184549206,-0.06753680269432918,0.056951675257034866,0.042775044107879634,ok,
5min,qid_A [intra_oos],"FQCR / H2, P2a (5 min)",732,7,-0.01027718811956087,-0.0634996405029407,0.04094503141838094,-0.0013484695199843181,ok,
5min,qid_A [intra_oos],BQCR / H2 (5 min),732,7,0.13854033931629958,0.015174108964899966,0.24625108795864858,0.13758222642827092,ok,
5min,qid_A [intra_oos],AggCancel / H2 (5 min),732,7,0.07442004202341583,-0.03780112496412205,0.18803716553334876,0.08201546124709704,ok,
5min,qid_A [intra_oos],QCR / spec 2.4 (5 min),732,7,-0.026884553705997204,-0.06816915346704633,0.019710256965381718,-0.01800251936633222,ok,
5min,qid_A [intra_spec],qid_res da tese (5 min),739,7,0.16332898561287168,0.0056848846480189045,0.3081584085043123,0.15049201814111549,ok,
5min,qid_A [intra_spec],qid_signed / H1 (5 min),732,7,-0.010634014526988074,-0.07115063694879724,0.04616158210406418,0.024654214324445218,ok,
5min,qid_A [intra_spec],"FQCR / H2, P2a (5 min)",732,7,-0.002936909877607795,-0.08362631240267156,0.07402641443356435,0.005896827380879354,ok,
5min,qid_A [intra_spec],BQCR / H2 (5 min),732,7,0.10966634793376792,-0.0009607095787917973,0.19673194978683461,0.10919130592519188,ok,
5min,qid_A [intra_spec],AggCancel / H2 (5 min),732,7,0.054250133006418975,-0.05508035296117932,0.15785804885145086,0.06757375807028031,ok,
5min,qid_A [intra_spec],QCR / spec 2.4 (5 min),732,7,-0.024863810290502376,-0.09773918209353037,0.04800828436298582,-0.008122085091532092,ok,
5min,qid_R [intra_oos],qid_res da tese (5 min),739,7,0.060183215024905506,-0.12547699497813633,0.22476659092691953,0.07216168939658164,ok,
5min,qid_R [intra_oos],qid_signed / H1 (5 min),732,7,0.005045318172846985,-0.09021793437628478,0.09991196395345693,0.06817831298156538,ok,
5min,qid_R [intra_oos],"FQCR / H2, P2a (5 min)",732,7,0.002242755129321082,-0.048668419141805336,0.060483239098798436,0.006954186577944765,ok,
5min,qid_R [intra_oos],BQCR / H2 (5 min),732,7,0.13846924636384045,0.06005935067643807,0.2100638044623479,0.145675888872405,ok,
5min,qid_R [intra_oos],AggCancel / H2 (5 min),732,7,0.08589177329685004,-0.015566983764365955,0.19304910339930173,0.09337873777317521,ok,
5min,qid_R [intra_oos],QCR / spec 2.4 (5 min),732,7,-0.01874065732926541,-0.0594125639630721,0.02581003473589725,-0.013777335266970805,ok,
5min,qid_R [intra_spec],qid_res da tese (5 min),739,7,0.06459990704242827,-0.10619389122871521,0.2202161637249305,0.05892261778924706,ok,
5min,qid_R [intra_spec],qid_signed / H1 (5 min),732,7,-0.007160523517468009,-0.094067289134447,0.07344663118325168,0.04749751745461087,ok,
5min,qid_R [intra_spec],"FQCR / H2, P2a (5 min)",732,7,0.014653642723014417,-0.03941671785595149,0.07886497168390003,0.023142704666695813,ok,
5min,qid_R [intra_spec],BQCR / H2 (5 min),732,7,0.10009170678615975,0.04184807887619286,0.14268506841070838,0.10637214032294673,ok,
5min,qid_R [intra_spec],AggCancel / H2 (5 min),732,7,0.07767561376958672,-0.014610632911555942,0.1675511592649141,0.07783558817119783,ok,
5min,qid_R [intra_spec],QCR / spec 2.4 (5 min),732,7,-0.011800824501986584,-0.06269195492528208,0.05046390448090541,0.007693083625639406,ok,
5min,qid_U [intra_oos],qid_res da tese (5 min),739,7,-0.1711049356893216,-0.20750896816273048,-0.12351555188996854,-0.10001558045057832,ok,U fracamente identificada
5min,qid_U [intra_oos],qid_signed / H1 (5 min),732,7,-0.10066499024754307,-0.18830622533628485,-0.02750481800761561,0.08450591541377302,ok,U fracamente identificada
5min,qid_U [intra_oos],"FQCR / H2, P2a (5 min)",732,7,0.08445376183415815,-0.09983963928110498,0.21463388876255976,0.011294009708307455,ok,U fracamente identificada
5min,qid_U [intra_oos],BQCR / H2 (5 min),732,7,0.04005767845840037,-0.011370622457111129,0.07837858437075373,0.10190724530607932,ok,U fracamente identificada
5min,qid_U [intra_oos],AggCancel / H2 (5 min),732,7,0.10961673771521094,-0.04732268096935403,0.24675820948580332,0.10146230390553179,ok,U fracamente identificada
5min,qid_U [intra_oos],QCR / spec 2.4 (5 min),732,7,0.07459296893600617,-0.06870309758877775,0.19370675750235036,-0.012989516999481384,ok,U fracamente identificada
5min,qid_U [intra_spec],qid_res da tese (5 min),739,7,-0.18302101198821233,-0.2298851149099373,-0.11920855000501661,-0.13389613250994817,ok,U fracamente identificada
5min,qid_U [intra_spec],qid_signed / H1 (5 min),732,7,-0.0979233076232723,-0.17973583958515987,-0.03186282502886273,0.06897543209384381,ok,U fracamente identificada
5min,qid_U [intra_spec],"FQCR / H2, P2a (5 min)",732,7,0.08207088250724955,-0.13017757239144226,0.277122391757044,0.010953029724184363,ok,U fracamente identificada
5min,qid_U [intra_spec],BQCR / H2 (5 min),732,7,0.03305909522120404,-0.023903273417864274,0.07547449002406685,0.08253230062545426,ok,U fracamente identificada
5min,qid_U [intra_spec],AggCancel / H2 (5 min),732,7,0.11342833234996481,-0.04340367842629215,0.29150644300294154,0.09108715035363249,ok,U fracamente identificada
5min,qid_U [intra_spec],QCR / spec 2.4 (5 min),732,7,0.08094323786915043,-0.06669845414406424,0.2272574221860499,-0.011779856468996076,ok,U fracamente identificada
hora,aqid_R|base,qid_res da tese (média horária),70,7,-0.4995206039666335,-0.7513940315395027,-0.06304456839763509,-0.25640801329717433,ok,
hora,bqid_R|base,qid_res da tese (média horária),70,7,-0.0427551860707389,-0.35032354355635875,0.38106923940343307,0.12175662671682268,ok,
hora,qid_A|base,qid_res da tese (média horária),70,7,-0.04921120925601613,-0.31473587355665517,0.3201292899847269,0.08791881725133409,ok,
hora,qid_R2|base,qid_res da tese (média horária),70,7,-0.2290472358311184,-0.4997445058721174,0.18274010703631657,0.002012072434607646,ok,
hora,qid_R_semrlp|base,qid_res da tese (média horária),70,7,-0.39534328676985087,-0.6641923890168496,0.09732841311761647,-0.06457877700988539,ok,
hora,qid_R|base,qid_res da tese (média horária),70,7,-0.41469330464594445,-0.6752625167293668,0.06422101263328624,-0.06790307059749803,ok,
hora,qid_U|base,qid_res da tese (média horária),70,7,-0.1265365672155767,-0.3554913147341889,0.40068044198873426,0.2531886974018021,ok,U fracamente identificada
hora,aqid_R|base,qid_signed / H1 (média horária),70,7,-0.28173697908932793,-0.6047532708587756,0.13926436145060517,0.2205056425509579,ok,
hora,bqid_R|base,qid_signed / H1 (média horária),70,7,-0.06345808033798198,-0.4486719408286753,0.394745588102884,0.1218965969731432,ok,
hora,qid_A|base,qid_signed / H1 (média horária),70,7,-0.01578748925158951,-0.28887956651777635,0.22220532623574385,0.2182661184498294,ok,
hora,qid_R2|base,qid_signed / H1 (média horária),70,7,-0.07413838763558128,-0.48738971087605315,0.31567833261115225,0.25717784970693724,ok,
hora,qid_R_semrlp|base,qid_signed / H1 (média horária),70,7,-0.1979678935095832,-0.5934749074877214,0.36709603349190867,0.259207418423585,ok,
hora,qid_R|base,qid_signed / H1 (média horária),70,7,-0.21154208197661548,-0.6175155164097872,0.38625531640824445,0.24647012509841656,ok,
hora,qid_U|base,qid_signed / H1 (média horária),70,7,0.31180134749955113,-0.27193516126917233,0.5517118095432326,0.047502405738780513,ok,U fracamente identificada
hora,aqid_R|base,"FQCR / H2, P2a (média horária)",70,7,0.25768337548066567,-0.12411325823595665,0.561692779680095,-0.36152567579389383,ok,
hora,bqid_R|base,"FQCR / H2, P2a (média horária)",70,7,0.06597673372164045,-0.29657602441932557,0.4734098670599621,0.18404339077945936,ok,
hora,qid_A|base,"FQCR / H2, P2a (média horária)",70,7,0.12835721046069926,-0.1495143148209212,0.42704997948677414,-0.07934563905170151,ok,
hora,qid_R2|base,"FQCR / H2, P2a (média horária)",70,7,0.08642699863376316,-0.2469255376224328,0.4568443513315951,-0.12746041466188435,ok,
hora,qid_R_semrlp|base,"FQCR / H2, P2a (média horária)",70,7,0.20650686355940334,-0.18725528123754728,0.5691429599261574,-0.07049252033942786,ok,
hora,qid_R|base,"FQCR / H2, P2a (média horária)",70,7,0.21214570591899054,-0.2399920470771363,0.5828584754342689,-0.060764587525150904,ok,
hora,qid_U|base,"FQCR / H2, P2a (média horária)",70,7,-0.18428698253357678,-0.47236131558303573,0.5518797334816128,0.03833435394978567,ok,U fracamente identificada
hora,aqid_R|base,BQCR / H2 (média horária),70,7,0.25170470136068934,0.05715615457642166,0.40822236377727517,0.2770886186685329,ok,
hora,bqid_R|base,BQCR / H2 (média horária),70,7,0.23119132620722072,-0.128342253180174,0.43713988382653113,0.2879713060974543,ok,
hora,qid_A|base,BQCR / H2 (média horária),70,7,0.2899512552197627,-0.03606756350863033,0.45176089297950595,0.28709649199545095,ok,
hora,qid_R2|base,BQCR / H2 (média horária),70,7,0.33340926766947643,0.09190485342341803,0.4764578587695714,0.3155104540285189,ok,
hora,qid_R_semrlp|base,BQCR / H2 (média horária),70,7,0.27245100205203365,0.04260434037806104,0.4261661515905292,0.2957046627591637,ok,
hora,qid_R|base,BQCR / H2 (média horária),70,7,0.2618980044397914,0.03720839354244305,0.4160722303810855,0.29962382993613856,ok,
hora,qid_U|base,BQCR / H2 (média horária),70,7,-0.11127589370742345,-0.2547362702989043,0.15369795775493086,0.03609482984865715,ok,U fracamente identificada
hora,aqid_R|base,AggCancel / H2 (média horária),70,7,0.36957064362990666,-0.08308842900211465,0.6811826499048848,0.009780421660397165,ok,
hora,bqid_R|base,AggCancel / H2 (média horária),70,7,0.15009937591654643,-0.2308089261903238,0.5464175470981382,0.31131134633890295,ok,
hora,qid_A|base,AggCancel / H2 (média horária),70,7,0.22486950236485703,-0.07376836264901959,0.5184174726261597,0.19391129385005684,ok,
hora,qid_R2|base,AggCancel / H2 (média horária),70,7,0.20438341610310395,-0.14472476723529606,0.5428125325799104,0.18453328667658123,ok,
hora,qid_R_semrlp|base,AggCancel / H2 (média horária),70,7,0.3251340493531736,-0.10869702727961758,0.6994707781117726,0.2325780771586038,ok,
hora,qid_R|base,AggCancel / H2 (média horária),70,7,0.33070726490552865,-0.11828411093467485,0.7039561084508964,0.236322281515178,ok,
hora,qid_U|base,AggCancel / H2 (média horária),70,7,-0.20865589280731706,-0.48795296754947975,0.5278172028675525,0.10440031493307672,ok,U fracamente identificada
hora,aqid_R|base,QCR / spec 2.4 (média horária),70,7,0.3813178220336495,-0.13904101955449805,0.7297312169832483,-0.40922054063511504,ok,
hora,bqid_R|base,QCR / spec 2.4 (média horária),70,7,0.19799109432644457,-0.2129666425692286,0.5863402689945738,0.15555944361823115,ok,
hora,qid_A|base,QCR / spec 2.4 (média horária),70,7,0.17491471153540122,-0.1552794835099639,0.48358532520396436,-0.16777184848219753,ok,
hora,qid_R2|base,QCR / spec 2.4 (média horária),70,7,0.19031978239171238,-0.23476257180307541,0.5973100451478719,-0.18922229026331905,ok,
hora,qid_R_semrlp|base,QCR / spec 2.4 (média horária),70,7,0.35584336743355677,-0.16320782379582724,0.7431149852769914,-0.12441606158691278,ok,
hora,qid_R|base,QCR / spec 2.4 (média horária),70,7,0.36950070216052233,-0.19037239179083248,0.7549929656297079,-0.11475811390079606,ok,
hora,qid_U|base,QCR / spec 2.4 (média horária),70,7,-0.13298068060414087,-0.4115787584101651,0.5316903046044165,0.13914793106464876,ok,U fracamente identificada
