versao,y,controles,janela,N,S_QID,status,motivo,a,se_a,R2,b_ln_pct_spread,se_b_ln_pct_spread,b_fe_h_10,se_b_fe_h_10,b_fe_h_11,se_b_fe_h_11,b_fe_h_12,se_b_fe_h_12,b_fe_h_13,se_b_fe_h_13,b_fe_h_14,se_b_fe_h_14,b_fe_h_15,se_b_fe_h_15,b_fe_h_16,se_b_fe_h_16,b_fe_h_17,se_b_fe_h_17,b_fe_h_18,se_b_fe_h_18,b_ln_spread_pts,se_b_ln_spread_pts,b_qvol,se_b_qvol,b_volume,se_b_volume,b_frac_1tick,se_b_frac_1tick
qid_R|base,qid_R,ln_pct_spread+FE(h),2025-09-15,50,0.004366254187406057,ok,,2.3304061277864516,0.48828873252754584,0.4880558582115623,0.22474049455214173,0.04754819797233063,0.0006017221973450295,0.0022187508744266845,0.001884145823126399,0.00222664261993845,0.0012538351406997618,0.0022576355158545917,0.0015579296193028612,0.0022757116047963585,0.00024447200492205444,0.0022340783494026713,0.0008042653787039408,0.0022278314874719166,-0.0016817365929538061,0.0022529475104333748,0.0002603060966527488,0.0023164381157093432,-0.0028175407884799357,0.0025088029802375527,,,,,,,,
qid_R|base,qid_R,ln_pct_spread+FE(h),2025-09-22,50,0.015815244416469292,ok,,3.9162477349344855,0.3149627564951644,0.8508414620892492,0.3789763238396198,0.03064351758179317,-0.0016481529016295865,0.004330569420461727,-0.00023019715508932354,0.004330775808040134,0.0006616556331585933,0.004331537571448298,0.0005584762773968389,0.004333246466110824,-0.00034948344271684185,0.0043324913730419246,-0.002428828748959424,0.004334339072346313,-0.002653005591083683,0.004334879568501855,-0.004848593621998026,0.004412594997656599,-0.00822880512846831,0.005055660769583128,,,,,,,,
qid_R|base,qid_R,ln_pct_spread+FE(h),2025-09-29,20,0.005237426557408296,ok,,3.1520779210924097,4.683178305023365,0.5187738400307412,0.30444909595747416,0.45535765558858327,-0.006248814952889988,0.012464110685526815,-0.004564480974532693,0.0057214741012872284,-0.0037766016130636407,0.0052857222608638605,-0.005542989757771823,0.005345512535419062,-0.004447849527719889,0.0053652610239840574,-0.0035103414806228524,0.005279650522856719,-0.002457452648291933,0.0053481490233701625,-0.004975456296655975,0.012738506895336536,-0.0003605000037754605,0.010590608703034276,,,,,,,,
qid_A|base,qid_A,ln_pct_spread+FE(h),2025-09-15,50,0.015758319454254637,ok,,4.336089246242609,1.4335395770227852,0.6612441713062633,0.41308385341887827,0.1395940947820361,0.003318079440860197,0.006513906584697064,0.009472773151085797,0.006537075518914217,0.006835731530572257,0.006628065828423009,0.010469138374821593,0.00668113440684724,0.0069013334767834365,0.006558905661124993,0.000553740655006579,0.0065405658486055035,-0.00014421766230168252,0.006614302575534037,-0.002137393574171094,0.006800701092168041,-0.046170576540551254,0.007365454337860144,,,,,,,,
qid_A|base,qid_A,ln_pct_spread+FE(h),2025-09-22,50,0.02117855680966109,ok,,4.733013928661042,0.7780036153534619,0.4924813169870098,0.45187034975641477,0.07569392562815118,-0.002766034353953668,0.010697133537787338,0.0004972773709577689,0.010697643344991058,0.003795769323022111,0.010699525010913057,0.005037618436476835,0.010703746228178546,0.0031720983951314067,0.0107018810389604,-0.0009308601786182546,0.01070644512379029,-0.0017527910174858898,0.01070778022755867,-0.00392767972838731,0.010899748590815186,-0.03720714015725184,0.0124882141638125,,,,,,,,
qid_A|base,qid_A,ln_pct_spread+FE(h),2025-09-29,20,0.01763390661618311,ok,,11.415653678822862,16.70553599214658,0.4598336955955805,1.1007637900571987,1.6243228869964226,-0.03448972058152737,0.04446118343258941,-0.017035700188282505,0.020409278763668905,-0.00916202502661956,0.018854892494406333,-0.016338030565516165,0.01906817256159721,-0.011573641063655469,0.019138618114814595,-0.001220119552501409,0.018833233776500084,0.0066225803170609785,0.01907757727384418,-0.027629436707669902,0.045439992151908935,-0.05848544313740485,0.03777814623831565,,,,,,,,
qid_U|base,qid_U,ln_pct_spread+FE(h),2025-09-15,50,0.0042985643312851525,ok,,-0.9171954489400654,0.32948209445184656,0.7595061488335997,0.008061676451181308,0.03208404948080747,5.845469561405919e-06,0.0014971442846712217,2.217869753876396e-05,0.0015024693898126776,0.00010055348215404839,0.001523382434860266,0.00015834676601425397,0.0015355796191229504,0.00015119472050546635,0.0015074867894667046,2.4082090388600034e-05,0.0015032716007564457,5.322108211340178e-05,0.001520219114181149,0.011512899108679432,0.0015630606057225526,0.005528112992188641,0.0016928624509046442,,,,,,,,
qid_U|base,qid_U,ln_pct_spread+FE(h),2025-09-22,50,0.007097319899678138,ok,,-0.8346165329208253,0.28689488881632763,0.385476650177907,0.01608003710781987,0.027912724245238524,-4.669949908618185e-05,0.003944651254072417,-7.529904956090628e-05,0.003944839249446915,-5.005042249583057e-06,0.003945533128401753,3.3303818013859e-05,0.003947089735124591,1.1107985766184084e-05,0.003946401932082547,-1.5269487280570334e-05,0.003948084973888497,-9.062433569033526e-06,0.003948577303794976,0.01280485333951792,0.004019367131947264,0.005817996523741036,0.004605126175941661,,,,,,,,
qid_U|base,qid_U,ln_pct_spread+FE(h),2025-09-29,20,0.0065283355261938885,ok,,6.958927404430853,2.581927117104802,0.9058572766829632,0.7738675401755021,0.25104751567633654,-0.018954745330386172,0.006871706194709333,-0.003749591679762415,0.003154359746687591,-0.0004543512015607014,0.002914121297532108,0.0014290928310231653,0.0029470848366413547,0.001628871994962724,0.002957972561777317,0.0001454516190968075,0.002910773830494225,0.0014573041981966446,0.0029485383836326292,-0.003191897188406671,0.007022986152207121,-0.004022867590526156,0.005838808180265068,,,,,,,,
bqid_R|base,bqid_R,ln_pct_spread+FE(h),2025-09-15,50,0.008225403308534966,ok,,3.3767415041010493,1.0116919628347187,0.38074517523199747,0.3266281843911318,0.09851574802244137,0.001122554030126348,0.004597059644548221,0.003482678454511068,0.004613410657740072,0.004099334557060581,0.004677625253766133,0.0060745006724507,0.004715077344473221,0.004250055908983531,0.004628816845177218,-0.0009297986768653552,0.004615873888300927,-0.003717647993854522,0.0046679121125641635,-0.0024690395019396224,0.004799459147738859,-0.016575516311748865,0.005198022486211963,,,,,,,,
bqid_R|base,bqid_R,ln_pct_spread+FE(h),2025-09-22,50,0.015296227403042257,ok,,3.686122704203334,0.3615794573678196,0.7898543701485455,0.3568562447528447,0.035178973483603375,0.0009937637541989244,0.004971524121037671,0.0021349303262410695,0.004971761055427751,0.004755151153215295,0.004972635565172432,0.003932213536583141,0.004974597388251613,0.001585014501685999,0.004973730536103274,-0.0007512702465178893,0.004975851707886547,-0.0015238097541269127,0.004976472201270605,0.000500046144469461,0.005065690059964674,-0.007922157398272754,0.005803934084281823,,,,,,,,
bqid_R|base,bqid_R,ln_pct_spread+FE(h),2025-09-29,20,0.008194412835279235,ok,,2.3158951484148482,7.397616537346261,0.509485686628445,0.22253791905680156,0.7192895730184078,-0.010630319636531315,0.019688490449245748,-0.01657914530621951,0.009037723672464264,-0.011546654657058454,0.008349403730121415,-0.00799662997694903,0.008443849317074103,-0.01412324719056934,0.00847504431672622,-0.006032255877346413,0.008339812724490926,-0.008142257826994076,0.008448013951772436,-0.003957915849089759,0.02012193069159061,-0.005259998677567807,0.01672907947965452,,,,,,,,
aqid_R|base,aqid_R,ln_pct_spread+FE(h),2025-09-15,50,0.010446343216451468,ok,,1.3179730982764035,1.374376013947809,0.2914512187361099,0.12614868035037174,0.13383291164910616,5.1439705241577254e-05,0.006245071367821777,0.0002606438389975043,0.006267284097743696,-0.0016007595315245342,0.006354519149286736,-0.002976241196065606,0.0064053975362176685,-0.0037963885026107004,0.006288213288898551,0.00246922559807526,0.00627063037815713,0.0003022061269579187,0.006341323919139142,0.002885639590138857,0.006520029588939533,0.011966057812905839,0.007061474922657071,,,,,,,,
aqid_R|base,aqid_R,ln_pct_spread+FE(h),2025-09-22,50,0.017665208852157683,ok,,4.172827325353718,0.3932366519359661,0.8136403202801736,0.4036677354615023,0.03825898144751049,-0.004283816077203884,0.005406793612135508,-0.0026052128888370335,0.005407051290729756,-0.0034330578441036865,0.005408002366010933,-0.0027979949447657824,0.005410135951654774,-0.002291259848504668,0.005409193204411836,-0.004084897938214436,0.0054115000901412075,-0.0037946733820759374,0.005412174909287935,-0.010041118692214624,0.005509204016807345,-0.008153948408456253,0.006312083169698198,,,,,,,,
aqid_R|base,aqid_R,ln_pct_spread+FE(h),2025-09-29,20,0.0060054534943010255,ok,,3.6545410285717796,4.6087070472427,0.6455374777677421,0.3539006802932408,0.44811662073083247,-0.0012602527489604944,0.01226590811039254,0.0076558162020205055,0.005630492006451052,0.0038516378118927546,0.005201669431907175,-0.003293519100825647,0.005260508929733588,0.0049928075385079936,0.005279943380547529,-0.0010601974343922812,0.005195694245843363,0.0030991543585052223,0.005263103492615634,-0.005153482982422144,0.012535940909385111,0.004854231503937739,0.010422198298943568,,,,,,,,
qid_R_semrlp|base,qid_R_semrlp,ln_pct_spread+FE(h),2025-09-15,50,0.004520011335748586,ok,,2.522135311819046,0.49968614224259766,0.49973195254253555,0.2432953839821604,0.0486580460138733,0.0004982617887320483,0.002270539930955946,0.0016227134413583704,0.00227861588194077,0.0008912782204070924,0.002310332199696248,0.000993564185282079,0.0023288302123441965,-0.00035623096125486165,0.0022862251727624188,9.784320102220953e-05,0.002279832499470239,-0.002301527167619592,0.0023055347690211334,-0.0007064858795303814,0.0023705073426350588,-0.004461130309631065,0.0025673622988441874,,,,,,,,
qid_R_semrlp|base,qid_R_semrlp,ln_pct_spread+FE(h),2025-09-22,50,0.015860756465838285,ok,,3.936036228387155,0.3183514409716753,0.8484878800436966,0.3807953155661931,0.030973211204907956,-0.001856809347520828,0.004377162019322845,-0.0007289128728849833,0.004377370627425326,2.6134555294270016e-05,0.004378140586646433,-0.00016250335054348696,0.004379867867307605,-0.0011599216715296125,0.004379104650191948,-0.0032491381960963847,0.004380972228894204,-0.0034575986927347815,0.004381518540248191,-0.005603180213408117,0.0044600701097494725,-0.009242168834372417,0.0051100546266824014,,,,,,,,
qid_R_semrlp|base,qid_R_semrlp,ln_pct_spread+FE(h),2025-09-29,20,0.005367236712186773,ok,,3.193967990464925,4.850843264172485,0.5083718756080939,0.3084384755396831,0.47166015738327377,-0.006207385871738771,0.012910344946280322,-0.004834257715121121,0.00592631164087783,-0.0044096951723927,0.0054749592168838205,-0.0060880842301705915,0.00553689007488212,-0.005055989609073227,0.005557345589597488,-0.0042750118875673915,0.0054686701013525645,-0.003030841999376331,0.005539620953141646,-0.005506166716189433,0.013194564960846542,-0.00130178409987396,0.010969768722129406,,,,,,,,
qid_R2|base,qid_R2,ln_pct_spread+FE(h),2025-09-15,50,0.007581006107053169,ok,,3.5862138344451426,0.7768241142045329,0.570187634020803,0.3445735478493218,0.07564497050890645,0.0011966390793142828,0.0035298360741301965,0.0057903244979721135,0.0035423911420814297,0.004369445339459116,0.003591698093712413,0.00634651968340466,0.0036204555497933357,0.0032372756422997763,0.0035542207289011142,0.0028969045473309155,0.0035442825250011434,0.00021615797494234018,0.003584239892414439,-0.0008066890257712039,0.0036852478205484994,-0.020380733099629633,0.003991283277720904,,,,,,,,
qid_R2|base,qid_R2,ln_pct_spread+FE(h),2025-09-22,50,0.018212466549965306,ok,,4.523080963263222,0.5139459215864811,0.7005124021673534,0.43567347655371197,0.050003089442951405,-0.0025541532176791668,0.007066481499464545,0.00033709495350927926,0.007066818275962721,0.0018242963373537144,0.007068061296569972,0.003053659019588081,0.007070849814971319,-9.06156716367403e-05,0.007069617678805452,-0.0016606538920001176,0.007072632694080197,-0.003682611927950026,0.007073514658023695,-0.004936331896338097,0.007200328152745689,-0.020729244878509467,0.008249661840548157,,,,,,,,
qid_R2|base,qid_R2,ln_pct_spread+FE(h),2025-09-29,20,0.008863824285403693,ok,,5.313603862979786,10.059464952146607,0.22480453882042917,0.5120821156242985,0.9781080451648844,-0.016831125171382497,0.02677290430437871,-0.011407919325952828,0.012289723868676454,-0.007569298351545577,0.011353729105916642,-0.008719576260779084,0.011482158589526548,-0.007091961756454195,0.011524578334331983,-0.005063721859322602,0.011340687015331292,-0.0006945843421272179,0.011487821764493089,-0.011972693825623092,0.027362307243109864,-0.020390417461562914,0.022748622864902993,,,,,,,,
qid_R|MC,qid_R,ln_spread_pts+qvol+volume+FE(h),2025-09-15,50,0.004366254187406057,ok,,-0.15796298707071948,0.13415599207667442,0.3350292092582662,,,-0.001577683754035519,0.0052042001188114875,0.000942768864172973,0.003308675806005876,0.0011378817089929077,0.002977774817100248,0.001439324077506236,0.002990181534773439,0.0002257960465737882,0.003140445321185513,0.0006509541965937807,0.0029595161682582686,-0.001904668246601939,0.002914760399047315,0.003938787056689523,0.00444587804539529,0.00228754584847443,0.005446241587423094,0.1091824128276721,0.08424477782615573,5.077189849636663,13.974775470936237,7.937775620121776e-10,2.6636483037763767e-09,,
qid_R|MC,qid_R,ln_spread_pts+qvol+volume+FE(h),2025-09-22,50,0.015815244416469292,ok,,-0.3448693612055888,0.11074504072059539,0.9045465536966227,,,-0.005221132664030976,0.007777563374777213,-0.0019229257750383308,0.005111981640979359,0.002259807309723632,0.003651347051858911,0.0030566617223025836,0.0037349251821605727,0.002184550274849314,0.003702754699970413,0.001537880856901508,0.004068276639630218,0.0018223013037104096,0.004277255995814787,0.006750242597637469,0.005955017180504573,0.004167321645199983,0.00721108583513994,0.21949021742522343,0.06932000864639765,21.225589133136985,8.797715179855283,1.5728433091987763e-09,3.799856882911318e-09,,
qid_R|MC,qid_R,ln_spread_pts+qvol+volume+FE(h),2025-09-29,20,0.005237426557408296,ok,,-0.3764996492350769,0.704744102395898,0.6518718260279585,,,-0.01559654467996692,0.01733834598315991,-0.005211979648394588,0.0065255325003427634,-0.0010364718236398945,0.006059435091916478,-0.0009433538456356062,0.008642756331361166,-5.235907660547038e-05,0.008586857480773145,0.000871170692670948,0.008128310437519746,0.002720915223045933,0.009581724508887732,0.003689049199423217,0.01485485154056014,0.009402432908907214,0.01613955653492849,0.2399498603901133,0.4344976537841203,10.510658809653933,8.036591086734248,3.398699299557595e-09,8.133442394897122e-09,,
qid_R|Frac1,qid_R,frac_1tick+FE(h),2025-09-15,50,0.004366254187406057,ok,,0.1803049647356424,0.060105045020086297,0.31585633615572895,,,0.00031248069115201064,0.002563567931639763,0.001353773697949839,0.0025690206010043504,0.00039180559331699786,0.002601264433470984,0.0004618241342976035,0.002613392661607222,-0.0007102221302641245,0.0025655243600960303,-3.807404891438761e-05,0.0025627557247057666,-0.002729166078991739,0.0025833643566939473,0.0007338470434139518,0.0027638930672184052,-0.0016511668213434493,0.003060371886989278,,,,,,,-0.15975228693797622,0.060811768037888035
qid_R|Frac1,qid_R,frac_1tick+FE(h),2025-09-22,50,0.015815244416469292,ok,,0.6246085366842206,0.10165441586088181,0.6147457979931199,,,-0.0013836004845156709,0.006959574472068774,0.0010827227461805893,0.0069694927939773724,0.0015998257903103426,0.006970000669893535,0.001131882265740519,0.006972953316411287,0.0003190479944691404,0.0069712444415969054,-0.0011344338902443214,0.006986335050185176,-0.0010103471512463173,0.006994183903706338,-0.01165130091776786,0.007543783772271331,-0.008993482752857754,0.008907000767480317,,,,,,,-0.6095131513025286,0.10256344657561925
qid_R|Frac1,qid_R,frac_1tick+FE(h),2025-09-29,20,0.005237426557408296,ok,,0.44048111387110106,0.3729485902870415,0.5571470910336989,,,-0.010247629374251698,0.011446103208918932,-0.004520081645803814,0.005221363902209234,-0.002466367790966086,0.005163022981469908,-0.0038143301308268727,0.005458202907855539,-0.002749193341347695,0.00547446428820275,-0.002000510787141548,0.0052521928358018975,-0.0008902512678526008,0.005409760341004643,-0.007174728922793845,0.01019201730704207,-0.001820360865398369,0.008441765571720362,,,,,,,-0.42305147334717746,0.376049159944199
qid_A|MC,qid_A,ln_spread_pts+qvol+volume+FE(h),2025-09-15,50,0.015758319454254637,ok,,-0.23332503477870886,0.37701905301263566,0.596812327677249,,,0.0007860258608531562,0.014625381767227816,0.006041080988150875,0.009298383171682755,0.0009194776464757404,0.00836845096703816,0.0037734277932730755,0.008403317609040018,0.0008868507386443928,0.008825604452722667,-0.004460912351241438,0.008317138622437414,-0.005933476596131918,0.008191361327934445,-0.004557438961004676,0.01249426659620697,-0.044579505683715236,0.015305591751688146,0.20664212562052484,0.23675339331190062,-27.477049098177215,39.273360306599855,1.8231111093516727e-09,7.485660129698301e-09,,
qid_A|MC,qid_A,ln_spread_pts+qvol+volume+FE(h),2025-09-22,50,0.02117855680966109,ok,,-0.29020470870322995,0.30573815368833107,0.5943033630463854,,,-0.023701313907478292,0.02147182258389066,-0.010323501928172468,0.01411284711651214,0.005609831109982125,0.010080416232156069,0.010979934118221252,0.010311153636566093,0.008537560841994508,0.01022233933152739,0.009422557728648145,0.011231450008059769,0.010365781751408284,0.01180838746822149,0.022091549705574164,0.016440248214303704,-0.007050944149996003,0.019907925943935752,0.21637158729555495,0.19137445179761747,31.96332142280013,24.28819546467089,1.0676805003610806e-08,1.0490413115583867e-08,,
qid_A|MC,qid_A,ln_spread_pts+qvol+volume+FE(h),2025-09-29,20,0.01763390661618311,ok,,-2.7130394060779848,2.554468822772434,0.5965253033996414,,,-0.08808053067043985,0.06284588136580545,-0.02486192027089996,0.02365293908447592,0.0037679590379000433,0.021963487134254247,0.006890693231184994,0.031327188856528784,0.011142905459302545,0.031124573651136547,0.01983321100047215,0.029462489326084227,0.03220398300565262,0.03473064399281547,-0.011630773359511458,0.05384401940827765,-0.031856048127514545,0.058500658383215005,1.7120193166389197,1.574913087439789,22.52349868210028,29.130036424059277,1.779244524966649e-08,2.948109100728417e-08,,
qid_A|Frac1,qid_A,frac_1tick+FE(h),2025-09-15,50,0.015758319454254637,ok,,0.2111966320380613,0.16786789149120823,0.5903066107891537,,,0.002409869375612431,0.007159810682032279,0.007886686722063132,0.00717503948868114,0.00392672805278065,0.0072650935626438285,0.006945046468265252,0.007298966594168457,0.0046723015869388615,0.007165274807709203,-0.0013221148468710228,0.007157542262377673,-0.003062292089917848,0.0072151002859548626,0.001729900430603007,0.007719300457159125,-0.0392013800511285,0.008547338674751446,,,,,,,-0.11861685596926465,0.16984170421902559
qid_A|Frac1,qid_A,frac_1tick+FE(h),2025-09-22,50,0.02117855680966109,ok,,0.755741927294142,0.18784504858008888,0.26640986630843966,,,-0.002403397929105412,0.012860450711670291,0.0018648188213830287,0.012878778569294334,0.004711753895912837,0.012879717062475732,0.0054931270402812865,0.01288517319562912,0.00375544616984843,0.012882015401943461,0.0002931001160311271,0.012909901018907178,-0.00015661309328041754,0.012924404749596049,-0.010532911751861725,0.01393999874161199,-0.035244109747074315,0.016459058641977574,,,,,,,-0.6737140119358691,0.18952482724316566
qid_A|Frac1,qid_A,frac_1tick+FE(h),2025-09-29,20,0.01763390661618311,ok,,1.9961630786249744,1.2726320089626804,0.5451103394726351,,,-0.05953216175967339,0.03905813750455357,-0.018186527993361214,0.017817133528456295,-0.003387677201573354,0.017618053748832845,-0.007988168166612165,0.01862531167259246,-0.003287721179948945,0.01868080123249092,0.0056751127634170825,0.017922332713314486,0.014250861803742597,0.018460008564399145,-0.044701265786938706,0.03477875449498391,-0.07072803022614585,0.028806278823743182,,,,,,,-1.917334202895626,1.283212245205644
qid_U|MC,qid_U,ln_spread_pts+qvol+volume+FE(h),2025-09-15,50,0.0042985643312851525,ok,,-1.1822675139232437,0.070928449227409,0.8082238848498233,,,-0.00011397196881163809,0.0027514674386324048,-0.0006417429849701212,0.0017493012446445006,-0.0013589150603354366,0.0015743534571652934,-0.0014195280715348314,0.0015809129050955713,-0.0020081692635626597,0.0016603575663460032,-0.0017823457135740723,0.0015647000855394532,-0.0014575754894129544,0.0015410376515700597,0.006441858520642736,0.0023505415623466587,0.00021991551222063833,0.0028794350810134764,0.11556309586896925,0.04454032469382162,-15.84296063499091,7.38848214761987,6.783989976330519e-10,1.4082743569597565e-09,,
qid_U|MC,qid_U,ln_spread_pts+qvol+volume+FE(h),2025-09-22,50,0.007097319899678138,ok,,-1.6066695457117541,0.07074171930283886,0.8065996237152216,,,-0.005466199425978465,0.0049681520864365775,-0.0029284262481066967,0.0032654317337767213,-0.004231890156280525,0.0023324075420364577,-0.004909038484502263,0.0023857955817643325,-0.005198834245187247,0.0023652457205143376,-0.005423201104483279,0.002598733832362892,-0.005239977119440396,0.002732225669641593,-0.005722911247027816,0.003803945992395971,-0.01153733534315212,0.0046062975524580625,0.38262355728128455,0.04428023649479644,-50.10493453523421,5.619804676670319,4.281199577097981e-09,2.4272726548547115e-09,,
qid_U|MC,qid_U,ln_spread_pts+qvol+volume+FE(h),2025-09-29,20,0.0065283355261938885,ok,,-2.339811850975495,0.3877232747638904,0.9321810636548832,,,-0.01610366551219047,0.009538895410016039,-0.002395659494623322,0.003590098621626749,0.0012897290616452994,0.0033336696384829046,0.002639520800272676,0.004754914268015027,0.002834586176532918,0.00472416085648332,0.0014102589351451464,0.004471885795735622,0.0020407206753035993,0.005271498678515234,-0.005663425709199247,0.00817257166942831,-0.006673313973692918,0.008879367264919795,0.8310218714069759,0.23904400566060952,-8.208614704039777,4.421425313803423,-1.1577424170025808e-09,4.474709202577255e-09,,
qid_U|Frac1,qid_U,frac_1tick+FE(h),2025-09-15,50,0.0042985643312851525,ok,,-0.9486106375685388,0.03413381500071961,0.7723507178231799,,,9.502567083465083e-05,0.0014558570497888539,0.00016474919179702548,0.0014589536352300379,0.0004198093530474236,0.001477264993485613,0.0005180745592568075,0.0014841526465162451,0.0002423306214157265,0.001456968110715038,8.047429834293994e-05,0.0014553957953098318,0.00027813260802787203,0.0014670994922535306,0.010737580595116003,0.001569622227330112,0.004294253551346656,0.0017379933379799539,,,,,,,-0.052000139934650545,0.034535164883052
qid_U|Frac1,qid_U,frac_1tick+FE(h),2025-09-22,50,0.007097319899678138,ok,,-0.8347234806851972,0.05144637539953626,0.5100322385032301,,,-0.00016093099240180854,0.0035221773484103084,0.0005064657762639413,0.0035271969209288456,0.0005734211779217113,0.00352745395231128,0.0006641697986453729,0.0035289482598618964,0.0006076894963255394,0.003528083413859222,0.0008886429226186067,0.003535720633628426,0.0010240093004259974,0.003539692867016283,0.00851336053338748,0.003817840362314724,-0.001855767829578959,0.00450775208619427,,,,,,,-0.16683292026929522,0.05190642757733926
qid_U|Frac1,qid_U,frac_1tick+FE(h),2025-09-29,20,0.0065283355261938885,ok,,-0.3432595146623607,0.2156764079148071,0.9046769777147196,,,-0.01784271601055086,0.006619288794795473,-0.002239628220131061,0.0030195180788263622,0.0017711918125283403,0.0029857794871083563,0.0035860724712399165,0.0031564822270286523,0.003662137051857929,0.0031658861936673887,0.002453013742541961,0.0030373464708092685,0.0033507045609600787,0.003128467859685066,0.0009343727484763102,0.005894050116925075,-0.00031391401186085934,0.004881878420739528,,,,,,,-0.6622309316198778,0.21746946932745567
bqid_R|MC,bqid_R,ln_spread_pts+qvol+volume+FE(h),2025-09-15,50,0.008225403308534966,ok,,-0.6442424945568305,0.2467262142519405,0.3662519500937622,,,0.0012344528250593726,0.009571041692942074,0.002262181339069021,0.006084983929277307,0.0013329280783948379,0.005476424095153402,0.002820265149774403,0.0054992412830807925,0.00028260172239126606,0.005775591333397027,-0.004473191068717299,0.005442844623700778,-0.006895719671959037,0.0053605343121565785,-0.00911689465383926,0.00817641196778803,-0.02309627375121376,0.010016180030172591,0.41540768438421644,0.1549345264553201,-19.823920872045733,25.70100219596876,5.511018138394324e-10,4.898714190222247e-09,,
bqid_R|MC,bqid_R,ln_spread_pts+qvol+volume+FE(h),2025-09-22,50,0.015296227403042257,ok,,-0.4968867464717181,0.14654858313531635,0.821314447297274,,,-0.005732207574516399,0.010292026490778669,-0.0012413762611579377,0.0067646701073446214,0.004938432379343252,0.004831816698097297,0.005056046683151946,0.004942415389443749,0.0025958397207351143,0.004899844286005877,0.0018729980977507286,0.0053835383820436695,0.0017476292456261552,0.005660080142777194,0.006981823941036172,0.00788025653041378,9.933684832880943e-05,0.009542408446741202,0.3134837270436037,0.09173096135011145,5.192740418644207,11.641990341478879,3.6920451213773385e-09,5.0283393160021905e-09,,
bqid_R|MC,bqid_R,ln_spread_pts+qvol+volume+FE(h),2025-09-29,20,0.008194412835279235,ok,,0.24588716280343212,1.1546716835272464,0.6182372810887312,,,-0.0041324038865918206,0.028407612178507607,-0.012430988352053642,0.010691607879323202,-0.012555373074775715,0.009927941354912997,-0.011215914094550562,0.014160524322972544,-0.01753625866422752,0.0140689381433986,-0.008691584326516906,0.013317642340269754,-0.011892735348958067,0.01569895502801454,0.0005178015161278317,0.024338588118117076,-0.004810308702394498,0.026443483318573595,-0.13215583015808682,0.7118926368846886,14.328008278340526,13.167366890183015,-5.455490987865525e-09,1.332605067720309e-08,,
bqid_R|Frac1,bqid_R,frac_1tick+FE(h),2025-09-15,50,0.008225403308534966,ok,,0.35256809389283594,0.10990833593442889,0.35539993075736587,,,0.0009214810613121456,0.004687751008708712,0.0030678163136697864,0.004697721782643948,0.003617859394024079,0.004756682989134549,0.005360475660873423,0.00477886071767367,0.0031387318356032876,0.004691328541941259,-0.001963241441566936,0.004686265803722673,-0.004661744979433619,0.004723950834104882,-0.003526082012386355,0.005054066386892515,-0.01769043057491475,0.00559620879290736,,,,,,,-0.33409859229672,0.11120065259149467
bqid_R|Frac1,bqid_R,frac_1tick+FE(h),2025-09-22,50,0.015296227403042257,ok,,0.6152998204222017,0.10014394943330092,0.6003061469801927,,,0.001217083710182305,0.006856163287209915,0.0034793634833752787,0.00686593423438684,0.0057492904368303495,0.00686643456385739,0.004596841377470152,0.006869343337480887,0.0023313376343455186,0.006867659854559363,0.0006421071212953955,0.006882526234249643,0.0002210182468517808,0.006890258462933229,-0.006728498619816008,0.007431691916463125,-0.010213087972010251,0.00877465309211589,,,,,,,-0.6029176484365099,0.10103947300853414
bqid_R|Frac1,bqid_R,frac_1tick+FE(h),2025-09-29,20,0.008194412835279235,ok,,0.314414597794787,0.609895032636189,0.5161932017601587,,,-0.01301842066308554,0.01871818709594237,-0.016480426616717624,0.008538667233176476,-0.010641340616141554,0.008443260416566845,-0.0068391641034363645,0.008925977808521461,-0.012989962972508236,0.008952570575878322,-0.005001219313053566,0.008589082797008383,-0.007095846375796243,0.008846758093901362,-0.005104625129286492,0.01666733938670423,-0.005975170218941432,0.013805095455405293,,,,,,,-0.2896369378668018,0.6149654956476927
aqid_R|MC,aqid_R,ln_spread_pts+qvol+volume+FE(h),2025-09-15,50,0.010446343216451468,ok,,0.2928462145162081,0.32693488196967907,0.3100869067270816,,,-0.0046057073294546395,0.012682508811218808,-0.0006096184931433369,0.008063162273767284,0.0006098621376610995,0.007256764631165666,-0.0002980205858793437,0.007286999499659632,-0.0003334626420183825,0.007653188683716884,0.00531644928786879,0.007212268749083362,0.0027075799638937607,0.007103200030661283,0.01594569435259081,0.010834496406184885,0.027780547849278824,0.013272357969257732,-0.1745303294661286,0.20530246967585775,26.516879100464838,34.05618711784462,1.2645315630767701e-09,6.491245976595314e-09,,
aqid_R|MC,aqid_R,ln_spread_pts+qvol+volume+FE(h),2025-09-22,50,0.017665208852157683,ok,,-0.19403765833407305,0.1320638120026411,0.8912009858713239,,,-0.004819376646902884,0.009274768970979189,-0.0026751880568740296,0.0060960543063821385,-0.0004070551909455705,0.0043542429302065875,0.0011117528485121437,0.004453910115444601,0.0018001688846359496,0.004415546713486815,0.001286749281272338,0.0048514327848447345,0.0019567812107159233,0.005100641329335878,0.0068474149787757935,0.007101376858786944,0.008827731331189342,0.00859924270983382,0.1261372744814672,0.08266432998111502,37.48461937799767,10.4913032313249,-4.885633437181255e-10,4.531341374353908e-09,,
aqid_R|MC,aqid_R,ln_spread_pts+qvol+volume+FE(h),2025-09-29,20,0.0060054534943010255,ok,,-0.9324573172805104,0.6347670549783652,0.7851925675006968,,,-0.025835908513311842,0.015616747668423542,0.0023291214508275554,0.00587758454923722,0.010111019377235447,0.005457767940238346,0.008744720979567099,0.007784580196844055,0.016822274778938117,0.007734231781520246,0.010008271568327702,0.007321215829736538,0.016796702553371068,0.00863031421964843,0.007419768513979911,0.013379849980277147,0.023479259270895142,0.014536991136930749,0.5713858890004566,0.3913545287571898,6.763378598345342,7.238603684441943,1.1941077676130316e-08,7.325838213179887e-09,,
aqid_R|Frac1,aqid_R,frac_1tick+FE(h),2025-09-15,50,0.010446343216451468,ok,,0.0190747787466719,0.1480013793611244,0.27531974120792346,,,-0.00031134613769939713,0.006312474931876938,-0.00036239361618375715,0.006325901468482799,-0.0027896259011510136,0.006405297993006755,-0.004394881694248276,0.006435162282980579,-0.0045846934115574695,0.006317292399529647,0.001822048754045939,0.00631047497086671,-0.0008141754082733657,0.006361221226193151,0.004746565102950661,0.0068057512679388305,0.015189077566854664,0.007535794382668776,,,,,,,0.003483011285742292,0.1497415990286408
aqid_R|Frac1,aqid_R,frac_1tick+FE(h),2025-09-22,50,0.017665208852157683,ok,,0.6381804469308735,0.11976460219420874,0.5713862470804216,,,-0.003976364072683494,0.008199453619693021,-0.0013143620779172969,0.008211138934765246,-0.002543942501912137,0.008211737291034851,-0.002311302190652314,0.008215215964662789,-0.0016954051185143063,0.008213202646199336,-0.0028798380284459353,0.008230981713828982,-0.0022420574332891667,0.00824022887551578,-0.016468223609875585,0.008887742405225663,-0.007405348274903786,0.010493822571571054,,,,,,,-0.6203878226815873,0.12083558077404573
aqid_R|Frac1,aqid_R,frac_1tick+FE(h),2025-09-29,20,0.0060054534943010255,ok,,0.5331596515803222,0.3558949548071189,0.6932747701017811,,,-0.006752489087421563,0.010922712916331309,0.00760287217863287,0.004982609181008197,0.005457379130487717,0.004926935986657341,-0.0011166610396672108,0.005208618366741224,0.007138339718078348,0.00522413617100298,0.0008093914936070587,0.005012028415222939,0.005077340604761089,0.005162390909152844,-0.008437136911025897,0.00972597197938556,0.002601977109068247,0.008055753138327659,,,,,,,-0.5226832929827645,0.3588537462511652
qid_R_1ms|1ms,qid_R_1ms,ln_pct_spread+FE(h),2025-09-15,50,0.004669302614011637,ok,,2.5569535230644687,0.5185001164521064,0.4952447131106297,0.24665179467886567,0.05049009846720239,0.0006286846512611025,0.002356029353398094,0.001807069701725995,0.002364409376720934,0.0012198843882803019,0.002397319864043721,0.0015702926682953022,0.002416514356148402,9.135193881003588e-05,0.002372305169386778,0.0005339302073727512,0.0023656718018261733,-0.0017106347342439009,0.0023923418025098273,0.0002276947094183303,0.002459760696365518,-0.0037131471096269147,0.002664027553277977,,,,,,,,
qid_R_1ms|1ms,qid_R_1ms,ln_pct_spread+FE(h),2025-09-22,50,0.016990393133682048,ok,,4.180726693463807,0.33702147378967795,0.8520244988462027,0.4045781922033876,0.03278966558598303,-0.0018937083851246327,0.004633864983509345,-0.0003399436138877709,0.00463408582563881,0.0006368079576689422,0.004634900939874396,0.0006909272415814165,0.004636729518605814,-0.0005466161358931774,0.00463592154187307,-0.002242330359550363,0.004637898646561937,-0.0023355180890283836,0.004638476996881655,-0.004586577536306331,0.004721635300299449,-0.00803453661603647,0.005409738797392455,,,,,,,,
qid_R_1ms|1ms,qid_R_1ms,ln_pct_spread+FE(h),2025-09-29,20,0.005783077152458711,ok,,3.139409437529018,5.442555390302878,0.4669211201779544,0.3031109411928119,0.5291938725205042,-0.005014961504340198,0.014485165496278755,-0.003746706390359307,0.0066492107885445465,-0.0031657652404545682,0.006142801812959158,-0.00535698115168879,0.006212287076998549,-0.004206021969099981,0.006235237781816784,-0.0023364479118266075,0.006135745542993134,-0.0007732326675128688,0.006215351071315047,-0.002180334457563242,0.014804055035286203,-0.0007128261672347943,0.012307875278090697,,,,,,,,
