versao,modo,N,media,dp,n_dias
aqid_R,intra_oos,739,0.12383786812929724,1.078062584937958,7
aqid_R,intra_spec,739,0.05820908167627815,0.9539694857060473,7
bqid_R,intra_oos,739,0.09532964725098322,1.0820079491861483,7
bqid_R,intra_spec,739,0.04002208755904986,0.9381186903053967,7
qid_A,intra_oos,739,0.3361725126196409,1.3031376134525694,7
qid_A,intra_spec,739,0.13715596145913425,0.8671005212204917,7
qid_R,intra_oos,739,0.2757127240995562,1.1544251600056326,7
qid_R,intra_spec,739,0.13015747053092883,0.8028524827405641,7
qid_U,intra_oos,739,-0.1282577646063418,1.4910654347534626,7
qid_U,intra_spec,739,-0.030559976136738172,0.7792452426602212,7
