msg_type,msg_seq_num,sending_time,security_id,security_group,trading_session_sub_id,security_trading_status,security_trading_event,trad_ses_open_time,dia
f,20189,20250915115930249,200001274203,,,21,101,20250915120030000,2025-09-15
f,21411,20250915120015010,200001274203,,,21,101,,2025-09-15
f,22547,20250915120038224,200001274203,,,17,102,,2025-09-15
f,25635850,20250915212500002,200001274203,,,101,101,20250915213000002,2025-09-15
f,25637492,20250915212931768,200001274203,,,101,101,20250915213100002,2025-09-15
f,25637599,20250915213031617,200001274203,,,101,101,,2025-09-15
f,25637744,20250915213114132,200001274203,,,18,102,,2025-09-15
f,25658183,20250916115930064,200001274203,,,21,101,20250916120030000,2025-09-16
f,25659777,20250916120015035,200001274203,,,21,101,,2025-09-16
f,25662054,20250916120052338,200001274203,,,17,102,,2025-09-16
f,53533679,20250916212500002,200001274203,,,101,101,20250916213000001,2025-09-16
f,53535436,20250916212930420,200001274203,,,101,101,20250916213100001,2025-09-16
f,53535519,20250916213032502,200001274203,,,101,101,,2025-09-16
f,53535648,20250916213113496,200001274203,,,18,102,,2025-09-16
f,53558578,20250917115930139,200001274203,,,21,101,20250917120030000,2025-09-17
f,53559833,20250917120015261,200001274203,,,21,101,,2025-09-17
f,53561102,20250917120039998,200001274203,,,17,102,,2025-09-17
f,88089502,20250917212500002,200001274203,,,101,101,20250917213000001,2025-09-17
f,88091677,20250917212932239,200001274203,,,101,101,20250917213100001,2025-09-17
f,88091862,20250917213030347,200001274203,,,101,101,,2025-09-17
f,88092049,20250917213126298,200001274203,,,18,102,,2025-09-17
f,88112631,20250918115930064,200001274203,,,21,101,20250918120030000,2025-09-18
f,88113879,20250918120015192,200001274203,,,21,101,,2025-09-18
f,88115113,20250918120036284,200001274203,,,17,102,,2025-09-18
f,111920232,20250918212500002,200001274203,,,101,101,20250918213000002,2025-09-18
f,111922087,20250918212930227,200001274203,,,101,101,20250918213100002,2025-09-18
f,111922222,20250918213031203,200001274203,,,101,101,,2025-09-18
f,111922426,20250918213126199,200001274203,,,18,102,,2025-09-18
f,111942581,20250919115930304,200001274203,,,21,101,20250919120030000,2025-09-19
f,111943991,20250919120015037,200001274203,,,21,101,,2025-09-19
f,111945620,20250919120048510,200001274203,,,17,102,,2025-09-19
f,133555255,20250919212500002,200001274203,,,101,101,20250919213000001,2025-09-19
f,133557184,20250919212932428,200001274203,,,101,101,20250919213100001,2025-09-19
f,133557278,20250919213030362,200001274203,,,101,101,,2025-09-19
f,133557444,20250919213112378,200001274203,,,18,102,,2025-09-19
f,22286,20250922115930077,200001274203,,,21,101,20250922120030000,2025-09-22
f,23504,20250922120015008,200001274203,,,21,101,,2025-09-22
f,26374,20250922120059254,200001274203,,,17,102,,2025-09-22
f,25258946,20250922212500001,200001274203,,,101,101,20250922213000001,2025-09-22
f,25260785,20250922212935870,200001274203,,,101,101,20250922213100001,2025-09-22
f,25260879,20250922213030204,200001274203,,,101,101,,2025-09-22
f,25261013,20250922213119437,200001274203,,,18,102,,2025-09-22
f,25281792,20250923115930558,200001274203,,,21,101,20250923120030000,2025-09-23
f,25282992,20250923120015128,200001274203,,,21,101,,2025-09-23
f,25284351,20250923120039367,200001274203,,,17,102,,2025-09-23
f,52543643,20250923212500002,200001274203,,,101,101,20250923213000002,2025-09-23
f,52545552,20250923212933933,200001274203,,,101,101,20250923213100002,2025-09-23
f,52545699,20250923213032234,200001274203,,,101,101,,2025-09-23
f,52545880,20250923213123142,200001274203,,,18,102,,2025-09-23
f,52566293,20250924115930021,200001274203,,,21,101,20250924120030000,2025-09-24
f,52567667,20250924120015153,200001274203,,,21,101,,2025-09-24
f,52569547,20250924120055114,200001274203,,,17,102,,2025-09-24
f,77652698,20250924212500001,200001274203,,,101,101,20250924213000001,2025-09-24
f,77655417,20250924212930392,200001274203,,,101,101,20250924213100001,2025-09-24
f,77655661,20250924213030549,200001274203,,,101,101,,2025-09-24
f,77656054,20250924213114588,200001274203,,,18,102,,2025-09-24
f,77676786,20250925115930027,200001274203,,,21,101,20250925120030000,2025-09-25
f,77678706,20250925120015059,200001274203,,,21,101,,2025-09-25
f,77680767,20250925120051142,200001274203,,,17,102,,2025-09-25
f,104989235,20250925212500002,200001274203,,,101,101,20250925213000001,2025-09-25
f,104990882,20250925212931673,200001274203,,,101,101,20250925213100001,2025-09-25
f,104991011,20250925213034037,200001274203,,,101,101,,2025-09-25
f,104991137,20250925213113129,200001274203,,,18,102,,2025-09-25
f,105011421,20250926115930033,200001274203,,,21,101,20250926120030000,2025-09-26
f,105012410,20250926120015265,200001274203,,,21,101,,2025-09-26
f,105013842,20250926120044815,200001274203,,,17,102,,2025-09-26
f,127499699,20250926212500002,200001274203,,,101,101,20250926213000002,2025-09-26
f,127501290,20250926212931111,200001274203,,,101,101,20250926213100002,2025-09-26
f,127501382,20250926213030529,200001274203,,,101,101,,2025-09-26
f,127501558,20250926213121766,200001274203,,,18,102,,2025-09-26
f,127501922,20250926233258833,200001274203,,,4,102,,2025-09-26
f,22015,20250929115930314,200001274203,,,21,101,20250929120030000,2025-09-29
f,23180,20250929120015027,200001274203,,,21,101,,2025-09-29
f,24773,20250929120046448,200001274203,,,17,102,,2025-09-29
f,4919544,20250929130143688,200001274203,,,21,101,20250929130243683,2025-09-29
f,4951575,20250929130228713,200001274203,,,21,101,20250929130313683,2025-09-29
f,4956630,20250929130258710,200001274203,,,21,101,20250929130343683,2025-09-29
f,4958685,20250929130328727,200001274203,,,21,101,,2025-09-29
f,4961557,20250929130411580,200001274203,,,21,101,,2025-09-29
f,4972679,20250929130703263,200001274203,,,21,101,20250929130803252,2025-09-29
f,4974499,20250929130748519,200001274203,,,21,101,20250929130833252,2025-09-29
f,4975701,20250929130818283,200001274203,,,21,101,,2025-09-29
f,4978452,20250929130903061,200001274203,,,17,102,,2025-09-29
f,22499253,20250929212500002,200001274203,,,101,101,20250929213000002,2025-09-29
f,22500973,20250929212932780,200001274203,,,101,101,20250929213100002,2025-09-29
f,22501070,20250929213030171,200001274203,,,101,101,,2025-09-29
f,22501252,20250929213117558,200001274203,,,18,102,,2025-09-29
f,22521275,20250930115930446,200001274203,,,21,101,20250930120030000,2025-09-30
f,22522444,20250930120015032,200001274203,,,21,101,,2025-09-30
f,22523313,20250930120031183,200001274203,,,17,102,,2025-09-30
f,44329137,20250930212500002,200001274203,,,101,101,20250930213000002,2025-09-30
f,44331881,20250930212931694,200001274203,,,101,101,20250930213100002,2025-09-30
f,44331965,20250930213031413,200001274203,,,101,101,,2025-09-30
f,44332130,20250930213125545,200001274203,,,18,102,,2025-09-30
